circuit_type_index,distance,decoder,metric,depth,trial,value
2,3,BPOSD,logical_accuracy,4,0,0.9140625
2,3,BPOSD,logical_accuracy,4,1,0.9308594
2,3,BPOSD,logical_accuracy,4,2,0.9109375
2,3,BPOSD,logical_accuracy,4,3,0.9242187
2,3,BPOSD,logical_accuracy,4,4,0.9148437
2,3,BPOSD,logical_accuracy,4,5,0.9257812
2,3,BPOSD,logical_accuracy,4,6,0.9089844
2,3,BPOSD,logical_accuracy,4,7,0.9164062
2,3,BPOSD,logical_accuracy,4,8,0.9140625
2,3,BPOSD,logical_accuracy,4,9,0.9121094
2,3,BPOSD,logical_accuracy,4,10,0.9113281
2,3,BPOSD,logical_accuracy,4,11,0.9058594
2,3,BPOSD,logical_accuracy,4,12,0.9179688
2,3,BPOSD,logical_accuracy,4,13,0.9167969
2,3,BPOSD,logical_accuracy,4,14,0.925
2,3,BPOSD,logical_accuracy,4,15,0.925
2,3,BPOSD,logical_accuracy,4,16,0.9289063
2,3,BPOSD,logical_accuracy,4,17,0.9304687
2,3,BPOSD,logical_accuracy,4,18,0.9152344
2,3,BPOSD,logical_accuracy,4,19,0.9132813
2,3,BPOSD,logical_accuracy,8,0,0.8792969
2,3,BPOSD,logical_accuracy,8,1,0.878125
2,3,BPOSD,logical_accuracy,8,2,0.86875
2,3,BPOSD,logical_accuracy,8,3,0.8820313
2,3,BPOSD,logical_accuracy,8,4,0.8503906
2,3,BPOSD,logical_accuracy,8,5,0.8652344
2,3,BPOSD,logical_accuracy,8,6,0.871875
2,3,BPOSD,logical_accuracy,8,7,0.8839844
2,3,BPOSD,logical_accuracy,8,8,0.88125
2,3,BPOSD,logical_accuracy,8,9,0.88125
2,3,BPOSD,logical_accuracy,8,10,0.8652344
2,3,BPOSD,logical_accuracy,8,11,0.8496094
2,3,BPOSD,logical_accuracy,8,12,0.875
2,3,BPOSD,logical_accuracy,8,13,0.8847656
2,3,BPOSD,logical_accuracy,8,14,0.8761719
2,3,BPOSD,logical_accuracy,8,15,0.8496094
2,3,BPOSD,logical_accuracy,8,16,0.8761719
2,3,BPOSD,logical_accuracy,8,17,0.8820313
2,3,BPOSD,logical_accuracy,8,18,0.8925781
2,3,BPOSD,logical_accuracy,8,19,0.8785156
2,3,BPOSD,logical_accuracy,12,0,0.8277344
2,3,BPOSD,logical_accuracy,12,1,0.8144531
2,3,BPOSD,logical_accuracy,12,2,0.8070312
2,3,BPOSD,logical_accuracy,12,3,0.8164062
2,3,BPOSD,logical_accuracy,12,4,0.8007812
2,3,BPOSD,logical_accuracy,12,5,0.80625
2,3,BPOSD,logical_accuracy,12,6,0.8226562
2,3,BPOSD,logical_accuracy,12,7,0.8351563
2,3,BPOSD,logical_accuracy,12,8,0.8332031
2,3,BPOSD,logical_accuracy,12,9,0.7859375
2,3,BPOSD,logical_accuracy,12,10,0.8003906
2,3,BPOSD,logical_accuracy,12,11,0.7773438
2,3,BPOSD,logical_accuracy,12,12,0.8246094
2,3,BPOSD,logical_accuracy,12,13,0.8027344
2,3,BPOSD,logical_accuracy,12,14,0.8226562
2,3,BPOSD,logical_accuracy,12,15,0.8441406
2,3,BPOSD,logical_accuracy,12,16,0.8359375
2,3,BPOSD,logical_accuracy,12,17,0.8167969
2,3,BPOSD,logical_accuracy,12,18,0.8304687
2,3,BPOSD,logical_accuracy,12,19,0.8160156
2,3,BPOSD,logical_accuracy,16,0,0.7875
2,3,BPOSD,logical_accuracy,16,1,0.7433594
2,3,BPOSD,logical_accuracy,16,2,0.7457031
2,3,BPOSD,logical_accuracy,16,3,0.7765625
2,3,BPOSD,logical_accuracy,16,4,0.7953125
2,3,BPOSD,logical_accuracy,16,5,0.7734375
2,3,BPOSD,logical_accuracy,16,6,0.7847656
2,3,BPOSD,logical_accuracy,16,7,0.7753906
2,3,BPOSD,logical_accuracy,16,8,0.7882813
2,3,BPOSD,logical_accuracy,16,9,0.7984375
2,3,BPOSD,logical_accuracy,16,10,0.7933594
2,3,BPOSD,logical_accuracy,16,11,0.7722656
2,3,BPOSD,logical_accuracy,16,12,0.7453125
2,3,BPOSD,logical_accuracy,16,13,0.7890625
2,3,BPOSD,logical_accuracy,16,14,0.7917969
2,3,BPOSD,logical_accuracy,16,15,0.7234375
2,3,BPOSD,logical_accuracy,16,16,0.81875
2,3,BPOSD,logical_accuracy,16,17,0.7753906
2,3,BPOSD,logical_accuracy,16,18,0.796875
2,3,BPOSD,logical_accuracy,16,19,0.7984375
2,3,BPOSD,logical_accuracy,20,0,0.7574219
2,3,BPOSD,logical_accuracy,20,1,0.7035156
2,3,BPOSD,logical_accuracy,20,2,0.7320313
2,3,BPOSD,logical_accuracy,20,3,0.759375
2,3,BPOSD,logical_accuracy,20,4,0.7394531
2,3,BPOSD,logical_accuracy,20,5,0.7179688
2,3,BPOSD,logical_accuracy,20,6,0.7550781
2,3,BPOSD,logical_accuracy,20,7,0.7535156
2,3,BPOSD,logical_accuracy,20,8,0.7390625
2,3,BPOSD,logical_accuracy,20,9,0.7582031
2,3,BPOSD,logical_accuracy,20,10,0.7480469
2,3,BPOSD,logical_accuracy,20,11,0.7402344
2,3,BPOSD,logical_accuracy,20,12,0.7308594
2,3,BPOSD,logical_accuracy,20,13,0.7289062
2,3,BPOSD,logical_accuracy,20,14,0.71875
2,3,BPOSD,logical_accuracy,20,15,0.7628906
2,3,BPOSD,logical_accuracy,20,16,0.7660156
2,3,BPOSD,logical_accuracy,20,17,0.6726562
2,3,BPOSD,logical_accuracy,20,18,0.7570313
2,3,BPOSD,logical_accuracy,20,19,0.7257813
2,3,BPOSD,logical_accuracy,24,0,0.7011719
2,3,BPOSD,logical_accuracy,24,1,0.7320313
2,3,BPOSD,logical_accuracy,24,2,0.6898437
2,3,BPOSD,logical_accuracy,24,3,0.7328125
2,3,BPOSD,logical_accuracy,24,4,0.6785156
2,3,BPOSD,logical_accuracy,24,5,0.69375
2,3,BPOSD,logical_accuracy,24,6,0.6859375
2,3,BPOSD,logical_accuracy,24,7,0.6871094
2,3,BPOSD,logical_accuracy,24,8,0.6550781
2,3,BPOSD,logical_accuracy,24,9,0.6988281
2,3,BPOSD,logical_accuracy,24,10,0.6785156
2,3,BPOSD,logical_accuracy,24,11,0.703125
2,3,BPOSD,logical_accuracy,24,12,0.6226563
2,3,BPOSD,logical_accuracy,24,13,0.7058594
2,3,BPOSD,logical_accuracy,24,14,0.7164063
2,3,BPOSD,logical_accuracy,24,15,0.7554688
2,3,BPOSD,logical_accuracy,24,16,0.69375
2,3,BPOSD,logical_accuracy,24,17,0.7246094
2,3,BPOSD,logical_accuracy,24,18,0.6769531
2,3,BPOSD,logical_accuracy,24,19,0.7214844
2,3,BPOSD,logical_accuracy,28,0,0.6398438
2,3,BPOSD,logical_accuracy,28,1,0.7023438
2,3,BPOSD,logical_accuracy,28,2,0.6128906
2,3,BPOSD,logical_accuracy,28,3,0.6414062
2,3,BPOSD,logical_accuracy,28,4,0.6089844
2,3,BPOSD,logical_accuracy,28,5,0.6332031
2,3,BPOSD,logical_accuracy,28,6,0.6875
2,3,BPOSD,logical_accuracy,28,7,0.6589844
2,3,BPOSD,logical_accuracy,28,8,0.6433594
2,3,BPOSD,logical_accuracy,28,9,0.684375
2,3,BPOSD,logical_accuracy,28,10,0.6257812
2,3,BPOSD,logical_accuracy,28,11,0.6535156
2,3,BPOSD,logical_accuracy,28,12,0.6457031
2,3,BPOSD,logical_accuracy,28,13,0.6816406
2,3,BPOSD,logical_accuracy,28,14,0.6273437
2,3,BPOSD,logical_accuracy,28,15,0.6363281
2,3,BPOSD,logical_accuracy,28,16,0.6472656
2,3,BPOSD,logical_accuracy,28,17,0.65
2,3,BPOSD,logical_accuracy,28,18,0.6910156
2,3,BPOSD,logical_accuracy,28,19,0.6738281
2,3,BPOSD,logical_accuracy,32,0,0.6738281
2,3,BPOSD,logical_accuracy,32,1,0.6503906
2,3,BPOSD,logical_accuracy,32,2,0.6207031
2,3,BPOSD,logical_accuracy,32,3,0.646875
2,3,BPOSD,logical_accuracy,32,4,0.6828125
2,3,BPOSD,logical_accuracy,32,5,0.6285156
2,3,BPOSD,logical_accuracy,32,6,0.6082031
2,3,BPOSD,logical_accuracy,32,7,0.621875
2,3,BPOSD,logical_accuracy,32,8,0.6371094
2,3,BPOSD,logical_accuracy,32,9,0.5851563
2,3,BPOSD,logical_accuracy,32,10,0.6597656
2,3,BPOSD,logical_accuracy,32,11,0.6636719
2,3,BPOSD,logical_accuracy,32,12,0.6113281
2,3,BPOSD,logical_accuracy,32,13,0.6421875
2,3,BPOSD,logical_accuracy,32,14,0.61875
2,3,BPOSD,logical_accuracy,32,15,0.6511719
2,3,BPOSD,logical_accuracy,32,16,0.6382813
2,3,BPOSD,logical_accuracy,32,17,0.6242188
2,3,BPOSD,logical_accuracy,32,18,0.6742187
2,3,BPOSD,logical_accuracy,32,19,0.65625
2,3,BPOSD,logical_accuracy,36,0,0.5976562
2,3,BPOSD,logical_accuracy,36,1,0.6316406
2,3,BPOSD,logical_accuracy,36,2,0.6054688
2,3,BPOSD,logical_accuracy,36,3,0.5824219
2,3,BPOSD,logical_accuracy,36,4,0.6328125
2,3,BPOSD,logical_accuracy,36,5,0.6308594
2,3,BPOSD,logical_accuracy,36,6,0.5882812
2,3,BPOSD,logical_accuracy,36,7,0.6347656
2,3,BPOSD,logical_accuracy,36,8,0.5980469
2,3,BPOSD,logical_accuracy,36,9,0.6066406
2,3,BPOSD,logical_accuracy,36,10,0.596875
2,3,BPOSD,logical_accuracy,36,11,0.5929688
2,3,BPOSD,logical_accuracy,36,12,0.5988281
2,3,BPOSD,logical_accuracy,36,13,0.6117187
2,3,BPOSD,logical_accuracy,36,14,0.64375
2,3,BPOSD,logical_accuracy,36,15,0.6101562
2,3,BPOSD,logical_accuracy,36,16,0.5816406
2,3,BPOSD,logical_accuracy,36,17,0.6332031
2,3,BPOSD,logical_accuracy,36,18,0.6308594
2,3,BPOSD,logical_accuracy,36,19,0.6179687
2,3,BPOSD,wall_time_seconds,4,0,0.002503237
2,3,BPOSD,wall_time_seconds,4,1,0.001905067
2,3,BPOSD,wall_time_seconds,4,2,0.001791438
2,3,BPOSD,wall_time_seconds,4,3,0.001861979
2,3,BPOSD,wall_time_seconds,4,4,0.001856258
2,3,BPOSD,wall_time_seconds,4,5,0.001893572
2,3,BPOSD,wall_time_seconds,4,6,0.001891792
2,3,BPOSD,wall_time_seconds,4,7,0.002020641
2,3,BPOSD,wall_time_seconds,4,8,0.001947682
2,3,BPOSD,wall_time_seconds,4,9,0.001875438
2,3,BPOSD,wall_time_seconds,4,10,0.001908584
2,3,BPOSD,wall_time_seconds,4,11,0.001869569
2,3,BPOSD,wall_time_seconds,4,12,0.001816143
2,3,BPOSD,wall_time_seconds,4,13,0.001890866
2,3,BPOSD,wall_time_seconds,4,14,0.001880245
2,3,BPOSD,wall_time_seconds,4,15,0.001915508
2,3,BPOSD,wall_time_seconds,4,16,0.001894981
2,3,BPOSD,wall_time_seconds,4,17,0.001942215
2,3,BPOSD,wall_time_seconds,4,18,0.001813176
2,3,BPOSD,wall_time_seconds,4,19,0.001966394
2,3,BPOSD,wall_time_seconds,8,0,0.007529103
2,3,BPOSD,wall_time_seconds,8,1,0.007836906
2,3,BPOSD,wall_time_seconds,8,2,0.00756828
2,3,BPOSD,wall_time_seconds,8,3,0.007449148
2,3,BPOSD,wall_time_seconds,8,4,0.00774311
2,3,BPOSD,wall_time_seconds,8,5,0.007455333
2,3,BPOSD,wall_time_seconds,8,6,0.007678676
2,3,BPOSD,wall_time_seconds,8,7,0.007467039
2,3,BPOSD,wall_time_seconds,8,8,0.007980907
2,3,BPOSD,wall_time_seconds,8,9,0.007930926
2,3,BPOSD,wall_time_seconds,8,10,0.00959626
2,3,BPOSD,wall_time_seconds,8,11,0.007556117
2,3,BPOSD,wall_time_seconds,8,12,0.007591013
2,3,BPOSD,wall_time_seconds,8,13,0.007509976
2,3,BPOSD,wall_time_seconds,8,14,0.007661046
2,3,BPOSD,wall_time_seconds,8,15,0.007691106
2,3,BPOSD,wall_time_seconds,8,16,0.007655685
2,3,BPOSD,wall_time_seconds,8,17,0.0093923
2,3,BPOSD,wall_time_seconds,8,18,0.007324068
2,3,BPOSD,wall_time_seconds,8,19,0.007654911
2,3,BPOSD,wall_time_seconds,12,0,0.01641551
2,3,BPOSD,wall_time_seconds,12,1,0.01696322
2,3,BPOSD,wall_time_seconds,12,2,0.0164376
2,3,BPOSD,wall_time_seconds,12,3,0.01675306
2,3,BPOSD,wall_time_seconds,12,4,0.01659799
2,3,BPOSD,wall_time_seconds,12,5,0.01659258
2,3,BPOSD,wall_time_seconds,12,6,0.01915437
2,3,BPOSD,wall_time_seconds,12,7,0.01654543
2,3,BPOSD,wall_time_seconds,12,8,0.0167453
2,3,BPOSD,wall_time_seconds,12,9,0.01675196
2,3,BPOSD,wall_time_seconds,12,10,0.01637187
2,3,BPOSD,wall_time_seconds,12,11,0.01668568
2,3,BPOSD,wall_time_seconds,12,12,0.01669387
2,3,BPOSD,wall_time_seconds,12,13,0.01680115
2,3,BPOSD,wall_time_seconds,12,14,0.01921112
2,3,BPOSD,wall_time_seconds,12,15,0.01662859
2,3,BPOSD,wall_time_seconds,12,16,0.01666363
2,3,BPOSD,wall_time_seconds,12,17,0.01673457
2,3,BPOSD,wall_time_seconds,12,18,0.01653264
2,3,BPOSD,wall_time_seconds,12,19,0.01650874
2,3,BPOSD,wall_time_seconds,16,0,0.02851462
2,3,BPOSD,wall_time_seconds,16,1,0.02868313
2,3,BPOSD,wall_time_seconds,16,2,0.02868629
2,3,BPOSD,wall_time_seconds,16,3,0.02853488
2,3,BPOSD,wall_time_seconds,16,4,0.02866089
2,3,BPOSD,wall_time_seconds,16,5,0.02823837
2,3,BPOSD,wall_time_seconds,16,6,0.02831819
2,3,BPOSD,wall_time_seconds,16,7,0.02825121
2,3,BPOSD,wall_time_seconds,16,8,0.02802088
2,3,BPOSD,wall_time_seconds,16,9,0.02821979
2,3,BPOSD,wall_time_seconds,16,10,0.02836433
2,3,BPOSD,wall_time_seconds,16,11,0.02802637
2,3,BPOSD,wall_time_seconds,16,12,0.02849617
2,3,BPOSD,wall_time_seconds,16,13,0.02817681
2,3,BPOSD,wall_time_seconds,16,14,0.02849106
2,3,BPOSD,wall_time_seconds,16,15,0.02876758
2,3,BPOSD,wall_time_seconds,16,16,0.0320642
2,3,BPOSD,wall_time_seconds,16,17,0.02817047
2,3,BPOSD,wall_time_seconds,16,18,0.0280859
2,3,BPOSD,wall_time_seconds,16,19,0.02805812
2,3,BPOSD,wall_time_seconds,20,0,0.04308259
2,3,BPOSD,wall_time_seconds,20,1,0.04312534
2,3,BPOSD,wall_time_seconds,20,2,0.04333132
2,3,BPOSD,wall_time_seconds,20,3,0.04315165
2,3,BPOSD,wall_time_seconds,20,4,0.04297808
2,3,BPOSD,wall_time_seconds,20,5,0.04247196
2,3,BPOSD,wall_time_seconds,20,6,0.04246069
2,3,BPOSD,wall_time_seconds,20,7,0.04330523
2,3,BPOSD,wall_time_seconds,20,8,0.04322622
2,3,BPOSD,wall_time_seconds,20,9,0.0432571
2,3,BPOSD,wall_time_seconds,20,10,0.04326103
2,3,BPOSD,wall_time_seconds,20,11,0.04272636
2,3,BPOSD,wall_time_seconds,20,12,0.04300313
2,3,BPOSD,wall_time_seconds,20,13,0.04268413
2,3,BPOSD,wall_time_seconds,20,14,0.04708357
2,3,BPOSD,wall_time_seconds,20,15,0.04210395
2,3,BPOSD,wall_time_seconds,20,16,0.0433069
2,3,BPOSD,wall_time_seconds,20,17,0.0431482
2,3,BPOSD,wall_time_seconds,20,18,0.04228692
2,3,BPOSD,wall_time_seconds,20,19,0.04238844
2,3,BPOSD,wall_time_seconds,24,0,0.05937824
2,3,BPOSD,wall_time_seconds,24,1,0.05972207
2,3,BPOSD,wall_time_seconds,24,2,0.05987974
2,3,BPOSD,wall_time_seconds,24,3,0.06042211
2,3,BPOSD,wall_time_seconds,24,4,0.06041949
2,3,BPOSD,wall_time_seconds,24,5,0.05978142
2,3,BPOSD,wall_time_seconds,24,6,0.05981895
2,3,BPOSD,wall_time_seconds,24,7,0.05997417
2,3,BPOSD,wall_time_seconds,24,8,0.06050024
2,3,BPOSD,wall_time_seconds,24,9,0.06011755
2,3,BPOSD,wall_time_seconds,24,10,0.06022517
2,3,BPOSD,wall_time_seconds,24,11,0.06082639
2,3,BPOSD,wall_time_seconds,24,12,0.06063006
2,3,BPOSD,wall_time_seconds,24,13,0.06043572
2,3,BPOSD,wall_time_seconds,24,14,0.05990754
2,3,BPOSD,wall_time_seconds,24,15,0.05994353
2,3,BPOSD,wall_time_seconds,24,16,0.06504299
2,3,BPOSD,wall_time_seconds,24,17,0.05975453
2,3,BPOSD,wall_time_seconds,24,18,0.05944864
2,3,BPOSD,wall_time_seconds,24,19,0.05984998
2,3,BPOSD,wall_time_seconds,28,0,0.07928533
2,3,BPOSD,wall_time_seconds,28,1,0.07886252
2,3,BPOSD,wall_time_seconds,28,2,0.07808062
2,3,BPOSD,wall_time_seconds,28,3,0.07830611
2,3,BPOSD,wall_time_seconds,28,4,0.07847595
2,3,BPOSD,wall_time_seconds,28,5,0.07913595
2,3,BPOSD,wall_time_seconds,28,6,0.07925449
2,3,BPOSD,wall_time_seconds,28,7,0.0786233
2,3,BPOSD,wall_time_seconds,28,8,0.07860197
2,3,BPOSD,wall_time_seconds,28,9,0.07883075
2,3,BPOSD,wall_time_seconds,28,10,0.07872855
2,3,BPOSD,wall_time_seconds,28,11,0.07885999
2,3,BPOSD,wall_time_seconds,28,12,0.07967532
2,3,BPOSD,wall_time_seconds,28,13,0.0781824
2,3,BPOSD,wall_time_seconds,28,14,0.07810928
2,3,BPOSD,wall_time_seconds,28,15,0.07872095
2,3,BPOSD,wall_time_seconds,28,16,0.0791117
2,3,BPOSD,wall_time_seconds,28,17,0.08496522
2,3,BPOSD,wall_time_seconds,28,18,0.07839851
2,3,BPOSD,wall_time_seconds,28,19,0.08506369
2,3,BPOSD,wall_time_seconds,32,0,0.09856568
2,3,BPOSD,wall_time_seconds,32,1,0.09976586
2,3,BPOSD,wall_time_seconds,32,2,0.09989815
2,3,BPOSD,wall_time_seconds,32,3,0.1067363
2,3,BPOSD,wall_time_seconds,32,4,0.09987695
2,3,BPOSD,wall_time_seconds,32,5,0.09892403
2,3,BPOSD,wall_time_seconds,32,6,0.09921644
2,3,BPOSD,wall_time_seconds,32,7,0.09919463
2,3,BPOSD,wall_time_seconds,32,8,0.09935891
2,3,BPOSD,wall_time_seconds,32,9,0.09976992
2,3,BPOSD,wall_time_seconds,32,10,0.09894269
2,3,BPOSD,wall_time_seconds,32,11,0.09886708
2,3,BPOSD,wall_time_seconds,32,12,0.0989171
2,3,BPOSD,wall_time_seconds,32,13,0.09914907
2,3,BPOSD,wall_time_seconds,32,14,0.09945656
2,3,BPOSD,wall_time_seconds,32,15,0.1058124
2,3,BPOSD,wall_time_seconds,32,16,0.09956784
2,3,BPOSD,wall_time_seconds,32,17,0.1000187
2,3,BPOSD,wall_time_seconds,32,18,0.09936438
2,3,BPOSD,wall_time_seconds,32,19,0.0996845
2,3,BPOSD,wall_time_seconds,36,0,0.1309427
2,3,BPOSD,wall_time_seconds,36,1,0.1222375
2,3,BPOSD,wall_time_seconds,36,2,0.1305201
2,3,BPOSD,wall_time_seconds,36,3,0.1215322
2,3,BPOSD,wall_time_seconds,36,4,0.1227472
2,3,BPOSD,wall_time_seconds,36,5,0.1215309
2,3,BPOSD,wall_time_seconds,36,6,0.1228459
2,3,BPOSD,wall_time_seconds,36,7,0.1224256
2,3,BPOSD,wall_time_seconds,36,8,0.1224257
2,3,BPOSD,wall_time_seconds,36,9,0.1217796
2,3,BPOSD,wall_time_seconds,36,10,0.1221279
2,3,BPOSD,wall_time_seconds,36,11,0.1224082
2,3,BPOSD,wall_time_seconds,36,12,0.1222572
2,3,BPOSD,wall_time_seconds,36,13,0.1215719
2,3,BPOSD,wall_time_seconds,36,14,0.121563
2,3,BPOSD,wall_time_seconds,36,15,0.1221764
2,3,BPOSD,wall_time_seconds,36,16,0.121542
2,3,BPOSD,wall_time_seconds,36,17,0.121936
2,3,BPOSD,wall_time_seconds,36,18,0.1215629
2,3,BPOSD,wall_time_seconds,36,19,0.1215073
2,3,MCCD,logical_accuracy,4,0,0.9597656
2,3,MCCD,logical_accuracy,4,1,0.9574219
2,3,MCCD,logical_accuracy,4,2,0.9515625
2,3,MCCD,logical_accuracy,4,3,0.959375
2,3,MCCD,logical_accuracy,4,4,0.9480469
2,3,MCCD,logical_accuracy,4,5,0.9628906
2,3,MCCD,logical_accuracy,4,6,0.9539062
2,3,MCCD,logical_accuracy,4,7,0.9589844
2,3,MCCD,logical_accuracy,4,8,0.9511719
2,3,MCCD,logical_accuracy,4,9,0.9476562
2,3,MCCD,logical_accuracy,4,10,0.9554687
2,3,MCCD,logical_accuracy,4,11,0.9472656
2,3,MCCD,logical_accuracy,4,12,0.9449219
2,3,MCCD,logical_accuracy,4,13,0.9644531
2,3,MCCD,logical_accuracy,4,14,0.9535156
2,3,MCCD,logical_accuracy,4,15,0.9488281
2,3,MCCD,logical_accuracy,4,16,0.946875
2,3,MCCD,logical_accuracy,4,17,0.9386719
2,3,MCCD,logical_accuracy,4,18,0.9511719
2,3,MCCD,logical_accuracy,4,19,0.9527344
2,3,MCCD,logical_accuracy,8,0,0.9433594
2,3,MCCD,logical_accuracy,8,1,0.9085937
2,3,MCCD,logical_accuracy,8,2,0.9132813
2,3,MCCD,logical_accuracy,8,3,0.9175781
2,3,MCCD,logical_accuracy,8,4,0.8828125
2,3,MCCD,logical_accuracy,8,5,0.8984375
2,3,MCCD,logical_accuracy,8,6,0.8875
2,3,MCCD,logical_accuracy,8,7,0.9109375
2,3,MCCD,logical_accuracy,8,8,0.91875
2,3,MCCD,logical_accuracy,8,9,0.9144531
2,3,MCCD,logical_accuracy,8,10,0.9089844
2,3,MCCD,logical_accuracy,8,11,0.8996094
2,3,MCCD,logical_accuracy,8,12,0.9058594
2,3,MCCD,logical_accuracy,8,13,0.896875
2,3,MCCD,logical_accuracy,8,14,0.8980469
2,3,MCCD,logical_accuracy,8,15,0.8851562
2,3,MCCD,logical_accuracy,8,16,0.9019531
2,3,MCCD,logical_accuracy,8,17,0.8859375
2,3,MCCD,logical_accuracy,8,18,0.8910156
2,3,MCCD,logical_accuracy,8,19,0.9308594
2,3,MCCD,logical_accuracy,12,0,0.8832031
2,3,MCCD,logical_accuracy,12,1,0.8605469
2,3,MCCD,logical_accuracy,12,2,0.8101563
2,3,MCCD,logical_accuracy,12,3,0.8691406
2,3,MCCD,logical_accuracy,12,4,0.8804688
2,3,MCCD,logical_accuracy,12,5,0.8625
2,3,MCCD,logical_accuracy,12,6,0.865625
2,3,MCCD,logical_accuracy,12,7,0.8832031
2,3,MCCD,logical_accuracy,12,8,0.8125
2,3,MCCD,logical_accuracy,12,9,0.8214844
2,3,MCCD,logical_accuracy,12,10,0.8675781
2,3,MCCD,logical_accuracy,12,11,0.86875
2,3,MCCD,logical_accuracy,12,12,0.8230469
2,3,MCCD,logical_accuracy,12,13,0.8484375
2,3,MCCD,logical_accuracy,12,14,0.8441406
2,3,MCCD,logical_accuracy,12,15,0.8550781
2,3,MCCD,logical_accuracy,12,16,0.8601562
2,3,MCCD,logical_accuracy,12,17,0.8855469
2,3,MCCD,logical_accuracy,12,18,0.8386719
2,3,MCCD,logical_accuracy,12,19,0.8496094
2,3,MCCD,logical_accuracy,16,0,0.8347656
2,3,MCCD,logical_accuracy,16,1,0.8417969
2,3,MCCD,logical_accuracy,16,2,0.8425781
2,3,MCCD,logical_accuracy,16,3,0.8300781
2,3,MCCD,logical_accuracy,16,4,0.7929688
2,3,MCCD,logical_accuracy,16,5,0.8359375
2,3,MCCD,logical_accuracy,16,6,0.76875
2,3,MCCD,logical_accuracy,16,7,0.7628906
2,3,MCCD,logical_accuracy,16,8,0.8550781
2,3,MCCD,logical_accuracy,16,9,0.8363281
2,3,MCCD,logical_accuracy,16,10,0.8039063
2,3,MCCD,logical_accuracy,16,11,0.8425781
2,3,MCCD,logical_accuracy,16,12,0.8394531
2,3,MCCD,logical_accuracy,16,13,0.8191406
2,3,MCCD,logical_accuracy,16,14,0.8054687
2,3,MCCD,logical_accuracy,16,15,0.7550781
2,3,MCCD,logical_accuracy,16,16,0.8425781
2,3,MCCD,logical_accuracy,16,17,0.8582031
2,3,MCCD,logical_accuracy,16,18,0.803125
2,3,MCCD,logical_accuracy,16,19,0.8457031
2,3,MCCD,logical_accuracy,20,0,0.8045313
2,3,MCCD,logical_accuracy,20,1,0.6928125
2,3,MCCD,logical_accuracy,20,2,0.7166406
2,3,MCCD,logical_accuracy,20,3,0.6748437
2,3,MCCD,logical_accuracy,20,4,0.7732813
2,3,MCCD,logical_accuracy,20,5,0.8119531
2,3,MCCD,logical_accuracy,20,6,0.7795313
2,3,MCCD,logical_accuracy,20,7,0.6861719
2,3,MCCD,logical_accuracy,20,8,0.7529687
2,3,MCCD,logical_accuracy,20,9,0.7869531
2,3,MCCD,logical_accuracy,20,10,0.8076562
2,3,MCCD,logical_accuracy,20,11,0.7592188
2,3,MCCD,logical_accuracy,20,12,0.7889063
2,3,MCCD,logical_accuracy,20,13,0.8103906
2,3,MCCD,logical_accuracy,20,14,0.81
2,3,MCCD,logical_accuracy,20,15,0.7451562
2,3,MCCD,logical_accuracy,20,16,0.7209375
2,3,MCCD,logical_accuracy,20,17,0.7475
2,3,MCCD,logical_accuracy,20,18,0.7158594
2,3,MCCD,logical_accuracy,20,19,0.7810938
2,3,MCCD,logical_accuracy,24,0,0.7646094
2,3,MCCD,logical_accuracy,24,1,0.780625
2,3,MCCD,logical_accuracy,24,2,0.7497656
2,3,MCCD,logical_accuracy,24,3,0.8079688
2,3,MCCD,logical_accuracy,24,4,0.7724219
2,3,MCCD,logical_accuracy,24,5,0.7403906
2,3,MCCD,logical_accuracy,24,6,0.730625
2,3,MCCD,logical_accuracy,24,7,0.6251562
2,3,MCCD,logical_accuracy,24,8,0.7614844
2,3,MCCD,logical_accuracy,24,9,0.7724219
2,3,MCCD,logical_accuracy,24,10,0.6896094
2,3,MCCD,logical_accuracy,24,11,0.7728125
2,3,MCCD,logical_accuracy,24,12,0.7122656
2,3,MCCD,logical_accuracy,24,13,0.7532813
2,3,MCCD,logical_accuracy,24,14,0.6732031
2,3,MCCD,logical_accuracy,24,15,0.7052344
2,3,MCCD,logical_accuracy,24,16,0.6521094
2,3,MCCD,logical_accuracy,24,17,0.7075781
2,3,MCCD,logical_accuracy,24,18,0.7099219
2,3,MCCD,logical_accuracy,24,19,0.6946875
2,3,MCCD,logical_accuracy,28,0,0.7632813
2,3,MCCD,logical_accuracy,28,1,0.7226562
2,3,MCCD,logical_accuracy,28,2,0.7101563
2,3,MCCD,logical_accuracy,28,3,0.7734375
2,3,MCCD,logical_accuracy,28,4,0.6234375
2,3,MCCD,logical_accuracy,28,5,0.6796875
2,3,MCCD,logical_accuracy,28,6,0.7597656
2,3,MCCD,logical_accuracy,28,7,0.7359375
2,3,MCCD,logical_accuracy,28,8,0.6949219
2,3,MCCD,logical_accuracy,28,9,0.71875
2,3,MCCD,logical_accuracy,28,10,0.7507812
2,3,MCCD,logical_accuracy,28,11,0.6664062
2,3,MCCD,logical_accuracy,28,12,0.6792969
2,3,MCCD,logical_accuracy,28,13,0.6972656
2,3,MCCD,logical_accuracy,28,14,0.6847656
2,3,MCCD,logical_accuracy,28,15,0.7324219
2,3,MCCD,logical_accuracy,28,16,0.7324219
2,3,MCCD,logical_accuracy,28,17,0.6535156
2,3,MCCD,logical_accuracy,28,18,0.6414062
2,3,MCCD,logical_accuracy,28,19,0.63125
2,3,MCCD,logical_accuracy,32,0,0.7671875
2,3,MCCD,logical_accuracy,32,1,0.6144531
2,3,MCCD,logical_accuracy,32,2,0.7488281
2,3,MCCD,logical_accuracy,32,3,0.6128906
2,3,MCCD,logical_accuracy,32,4,0.6992188
2,3,MCCD,logical_accuracy,32,5,0.6265625
2,3,MCCD,logical_accuracy,32,6,0.615625
2,3,MCCD,logical_accuracy,32,7,0.6207031
2,3,MCCD,logical_accuracy,32,8,0.7042969
2,3,MCCD,logical_accuracy,32,9,0.6136719
2,3,MCCD,logical_accuracy,32,10,0.6617188
2,3,MCCD,logical_accuracy,32,11,0.7199219
2,3,MCCD,logical_accuracy,32,12,0.6816406
2,3,MCCD,logical_accuracy,32,13,0.6105469
2,3,MCCD,logical_accuracy,32,14,0.6042969
2,3,MCCD,logical_accuracy,32,15,0.6574219
2,3,MCCD,logical_accuracy,32,16,0.6019531
2,3,MCCD,logical_accuracy,32,17,0.6308594
2,3,MCCD,logical_accuracy,32,18,0.7226562
2,3,MCCD,logical_accuracy,32,19,0.6589844
2,3,MCCD,logical_accuracy,36,0,0.590625
2,3,MCCD,logical_accuracy,36,1,0.6238281
2,3,MCCD,logical_accuracy,36,2,0.5828125
2,3,MCCD,logical_accuracy,36,3,0.6363281
2,3,MCCD,logical_accuracy,36,4,0.6257812
2,3,MCCD,logical_accuracy,36,5,0.6542969
2,3,MCCD,logical_accuracy,36,6,0.6375
2,3,MCCD,logical_accuracy,36,7,0.5734375
2,3,MCCD,logical_accuracy,36,8,0.5878906
2,3,MCCD,logical_accuracy,36,9,0.5917969
2,3,MCCD,logical_accuracy,36,10,0.5910156
2,3,MCCD,logical_accuracy,36,11,0.6097656
2,3,MCCD,logical_accuracy,36,12,0.6140625
2,3,MCCD,logical_accuracy,36,13,0.6515625
2,3,MCCD,logical_accuracy,36,14,0.6097656
2,3,MCCD,logical_accuracy,36,15,0.6824219
2,3,MCCD,logical_accuracy,36,16,0.6585937
2,3,MCCD,logical_accuracy,36,17,0.6597656
2,3,MCCD,logical_accuracy,36,18,0.6269531
2,3,MCCD,logical_accuracy,36,19,0.5621094
2,3,MCCD,wall_time_seconds,4,0,0.002796024
2,3,MCCD,wall_time_seconds,4,1,0.002785645
2,3,MCCD,wall_time_seconds,4,2,0.00277698
2,3,MCCD,wall_time_seconds,4,3,0.002844505
2,3,MCCD,wall_time_seconds,4,4,0.002771638
2,3,MCCD,wall_time_seconds,4,5,0.002793476
2,3,MCCD,wall_time_seconds,4,6,0.002746314
2,3,MCCD,wall_time_seconds,4,7,0.002792038
2,3,MCCD,wall_time_seconds,4,8,0.002744906
2,3,MCCD,wall_time_seconds,4,9,0.002802014
2,3,MCCD,wall_time_seconds,4,10,0.002777942
2,3,MCCD,wall_time_seconds,4,11,0.002724066
2,3,MCCD,wall_time_seconds,4,12,0.002770402
2,3,MCCD,wall_time_seconds,4,13,0.002754852
2,3,MCCD,wall_time_seconds,4,14,0.002317175
2,3,MCCD,wall_time_seconds,4,15,0.002397716
2,3,MCCD,wall_time_seconds,4,16,0.002285421
2,3,MCCD,wall_time_seconds,4,17,0.002200305
2,3,MCCD,wall_time_seconds,4,18,0.002603538
2,3,MCCD,wall_time_seconds,4,19,0.002343148
2,3,MCCD,wall_time_seconds,8,0,0.00241407
2,3,MCCD,wall_time_seconds,8,1,0.003517441
2,3,MCCD,wall_time_seconds,8,2,0.003441252
2,3,MCCD,wall_time_seconds,8,3,0.003578871
2,3,MCCD,wall_time_seconds,8,4,0.003490962
2,3,MCCD,wall_time_seconds,8,5,0.003465794
2,3,MCCD,wall_time_seconds,8,6,0.003491551
2,3,MCCD,wall_time_seconds,8,7,0.003510982
2,3,MCCD,wall_time_seconds,8,8,0.003517926
2,3,MCCD,wall_time_seconds,8,9,0.003460124
2,3,MCCD,wall_time_seconds,8,10,0.003549598
2,3,MCCD,wall_time_seconds,8,11,0.003535487
2,3,MCCD,wall_time_seconds,8,12,0.003510691
2,3,MCCD,wall_time_seconds,8,13,0.003497645
2,3,MCCD,wall_time_seconds,8,14,0.003490038
2,3,MCCD,wall_time_seconds,8,15,0.003493525
2,3,MCCD,wall_time_seconds,8,16,0.003547728
2,3,MCCD,wall_time_seconds,8,17,0.003450558
2,3,MCCD,wall_time_seconds,8,18,0.003480434
2,3,MCCD,wall_time_seconds,8,19,0.003475301
2,3,MCCD,wall_time_seconds,12,0,0.003538229
2,3,MCCD,wall_time_seconds,12,1,0.004640013
2,3,MCCD,wall_time_seconds,12,2,0.004712246
2,3,MCCD,wall_time_seconds,12,3,0.005033515
2,3,MCCD,wall_time_seconds,12,4,0.004705161
2,3,MCCD,wall_time_seconds,12,5,0.004846551
2,3,MCCD,wall_time_seconds,12,6,0.00469631
2,3,MCCD,wall_time_seconds,12,7,0.004729539
2,3,MCCD,wall_time_seconds,12,8,0.004842691
2,3,MCCD,wall_time_seconds,12,9,0.004672214
2,3,MCCD,wall_time_seconds,12,10,0.004724495
2,3,MCCD,wall_time_seconds,12,11,0.004617922
2,3,MCCD,wall_time_seconds,12,12,0.004769579
2,3,MCCD,wall_time_seconds,12,13,0.004761577
2,3,MCCD,wall_time_seconds,12,14,0.004663654
2,3,MCCD,wall_time_seconds,12,15,0.004719943
2,3,MCCD,wall_time_seconds,12,16,0.004705667
2,3,MCCD,wall_time_seconds,12,17,0.004683159
2,3,MCCD,wall_time_seconds,12,18,0.004715294
2,3,MCCD,wall_time_seconds,12,19,0.004648395
2,3,MCCD,wall_time_seconds,16,0,0.0047355
2,3,MCCD,wall_time_seconds,16,1,0.005767316
2,3,MCCD,wall_time_seconds,16,2,0.005899511
2,3,MCCD,wall_time_seconds,16,3,0.006214671
2,3,MCCD,wall_time_seconds,16,4,0.005872183
2,3,MCCD,wall_time_seconds,16,5,0.006080315
2,3,MCCD,wall_time_seconds,16,6,0.005766556
2,3,MCCD,wall_time_seconds,16,7,0.005851433
2,3,MCCD,wall_time_seconds,16,8,0.005925
2,3,MCCD,wall_time_seconds,16,9,0.005755566
2,3,MCCD,wall_time_seconds,16,10,0.005937316
2,3,MCCD,wall_time_seconds,16,11,0.005917408
2,3,MCCD,wall_time_seconds,16,12,0.005830295
2,3,MCCD,wall_time_seconds,16,13,0.005956814
2,3,MCCD,wall_time_seconds,16,14,0.005865499
2,3,MCCD,wall_time_seconds,16,15,0.005767703
2,3,MCCD,wall_time_seconds,16,16,0.005857453
2,3,MCCD,wall_time_seconds,16,17,0.005871832
2,3,MCCD,wall_time_seconds,16,18,0.005780801
2,3,MCCD,wall_time_seconds,16,19,0.005829632
2,3,MCCD,wall_time_seconds,20,0,0.005770974
2,3,MCCD,wall_time_seconds,20,1,0.007080227
2,3,MCCD,wall_time_seconds,20,2,0.006992668
2,3,MCCD,wall_time_seconds,20,3,0.007350579
2,3,MCCD,wall_time_seconds,20,4,0.00713896
2,3,MCCD,wall_time_seconds,20,5,0.007099904
2,3,MCCD,wall_time_seconds,20,6,0.007007211
2,3,MCCD,wall_time_seconds,20,7,0.006966412
2,3,MCCD,wall_time_seconds,20,8,0.006944485
2,3,MCCD,wall_time_seconds,20,9,0.006964512
2,3,MCCD,wall_time_seconds,20,10,0.007095188
2,3,MCCD,wall_time_seconds,20,11,0.007013731
2,3,MCCD,wall_time_seconds,20,12,0.00698489
2,3,MCCD,wall_time_seconds,20,13,0.007042125
2,3,MCCD,wall_time_seconds,20,14,0.007092319
2,3,MCCD,wall_time_seconds,20,15,0.007007688
2,3,MCCD,wall_time_seconds,20,16,0.006981552
2,3,MCCD,wall_time_seconds,20,17,0.007285334
2,3,MCCD,wall_time_seconds,20,18,0.007020883
2,3,MCCD,wall_time_seconds,20,19,0.006995365
2,3,MCCD,wall_time_seconds,24,0,0.007002026
2,3,MCCD,wall_time_seconds,24,1,0.008062311
2,3,MCCD,wall_time_seconds,24,2,0.008283012
2,3,MCCD,wall_time_seconds,24,3,0.008616433
2,3,MCCD,wall_time_seconds,24,4,0.008253805
2,3,MCCD,wall_time_seconds,24,5,0.008329652
2,3,MCCD,wall_time_seconds,24,6,0.008212082
2,3,MCCD,wall_time_seconds,24,7,0.008126639
2,3,MCCD,wall_time_seconds,24,8,0.008199923
2,3,MCCD,wall_time_seconds,24,9,0.008212283
2,3,MCCD,wall_time_seconds,24,10,0.008181244
2,3,MCCD,wall_time_seconds,24,11,0.008043192
2,3,MCCD,wall_time_seconds,24,12,0.008644462
2,3,MCCD,wall_time_seconds,24,13,0.008034036
2,3,MCCD,wall_time_seconds,24,14,0.008047506
2,3,MCCD,wall_time_seconds,24,15,0.007974997
2,3,MCCD,wall_time_seconds,24,16,0.008066148
2,3,MCCD,wall_time_seconds,24,17,0.008070186
2,3,MCCD,wall_time_seconds,24,18,0.007966109
2,3,MCCD,wall_time_seconds,24,19,0.008100659
2,3,MCCD,wall_time_seconds,28,0,0.008137442
2,3,MCCD,wall_time_seconds,28,1,0.009291217
2,3,MCCD,wall_time_seconds,28,2,0.009019099
2,3,MCCD,wall_time_seconds,28,3,0.009219989
2,3,MCCD,wall_time_seconds,28,4,0.009183601
2,3,MCCD,wall_time_seconds,28,5,0.009537324
2,3,MCCD,wall_time_seconds,28,6,0.009228751
2,3,MCCD,wall_time_seconds,28,7,0.00923311
2,3,MCCD,wall_time_seconds,28,8,0.009325139
2,3,MCCD,wall_time_seconds,28,9,0.009206295
2,3,MCCD,wall_time_seconds,28,10,0.009207368
2,3,MCCD,wall_time_seconds,28,11,0.008953653
2,3,MCCD,wall_time_seconds,28,12,0.009018824
2,3,MCCD,wall_time_seconds,28,13,0.009005755
2,3,MCCD,wall_time_seconds,28,14,0.00908608
2,3,MCCD,wall_time_seconds,28,15,0.009001851
2,3,MCCD,wall_time_seconds,28,16,0.009092368
2,3,MCCD,wall_time_seconds,28,17,0.009125158
2,3,MCCD,wall_time_seconds,28,18,0.009161986
2,3,MCCD,wall_time_seconds,28,19,0.009126224
2,3,MCCD,wall_time_seconds,32,0,0.009085208
2,3,MCCD,wall_time_seconds,32,1,0.01043951
2,3,MCCD,wall_time_seconds,32,2,0.0103521
2,3,MCCD,wall_time_seconds,32,3,0.01031583
2,3,MCCD,wall_time_seconds,32,4,0.01023792
2,3,MCCD,wall_time_seconds,32,5,0.01033574
2,3,MCCD,wall_time_seconds,32,6,0.01033889
2,3,MCCD,wall_time_seconds,32,7,0.01029502
2,3,MCCD,wall_time_seconds,32,8,0.01044364
2,3,MCCD,wall_time_seconds,32,9,0.01023721
2,3,MCCD,wall_time_seconds,32,10,0.01093499
2,3,MCCD,wall_time_seconds,32,11,0.01038203
2,3,MCCD,wall_time_seconds,32,12,0.0104761
2,3,MCCD,wall_time_seconds,32,13,0.01043708
2,3,MCCD,wall_time_seconds,32,14,0.0102632
2,3,MCCD,wall_time_seconds,32,15,0.01034126
2,3,MCCD,wall_time_seconds,32,16,0.01037942
2,3,MCCD,wall_time_seconds,32,17,0.01034809
2,3,MCCD,wall_time_seconds,32,18,0.01039282
2,3,MCCD,wall_time_seconds,32,19,0.01038203
2,3,MCCD,wall_time_seconds,36,0,0.01045722
2,3,MCCD,wall_time_seconds,36,1,0.01145159
2,3,MCCD,wall_time_seconds,36,2,0.01163679
2,3,MCCD,wall_time_seconds,36,3,0.01152209
2,3,MCCD,wall_time_seconds,36,4,0.01151742
2,3,MCCD,wall_time_seconds,36,5,0.01152302
2,3,MCCD,wall_time_seconds,36,6,0.01134045
2,3,MCCD,wall_time_seconds,36,7,0.01153403
2,3,MCCD,wall_time_seconds,36,8,0.01146068
2,3,MCCD,wall_time_seconds,36,9,0.01146702
2,3,MCCD,wall_time_seconds,36,10,0.01144287
2,3,MCCD,wall_time_seconds,36,11,0.01156173
2,3,MCCD,wall_time_seconds,36,12,0.01154551
2,3,MCCD,wall_time_seconds,36,13,0.01151101
2,3,MCCD,wall_time_seconds,36,14,0.01150952
2,3,MCCD,wall_time_seconds,36,15,0.01194841
2,3,MCCD,wall_time_seconds,36,16,0.01149791
2,3,MCCD,wall_time_seconds,36,17,0.01145795
2,3,MCCD,wall_time_seconds,36,18,0.01179186
2,3,MCCD,wall_time_seconds,36,19,0.01168193
2,3,MLE,logical_accuracy,4,0,0.9664063
2,3,MLE,logical_accuracy,4,1,0.9570312
2,3,MLE,logical_accuracy,4,2,0.9546875
2,3,MLE,logical_accuracy,4,3,0.9660156
2,3,MLE,logical_accuracy,4,4,0.9589844
2,3,MLE,logical_accuracy,4,5,0.9625
2,3,MLE,logical_accuracy,4,6,0.9625
2,3,MLE,logical_accuracy,4,7,0.9597656
2,3,MLE,logical_accuracy,4,8,0.9582031
2,3,MLE,logical_accuracy,4,9,0.9441406
2,3,MLE,logical_accuracy,4,10,0.95625
2,3,MLE,logical_accuracy,4,11,0.9515625
2,3,MLE,logical_accuracy,4,12,0.9550781
2,3,MLE,logical_accuracy,4,13,0.9566406
2,3,MLE,logical_accuracy,4,14,0.9554687
2,3,MLE,logical_accuracy,4,15,0.9472656
2,3,MLE,logical_accuracy,4,16,0.95
2,3,MLE,logical_accuracy,4,17,0.9457031
2,3,MLE,logical_accuracy,4,18,0.9621094
2,3,MLE,logical_accuracy,4,19,0.9539062
2,3,MLE,logical_accuracy,8,0,0.9171875
2,3,MLE,logical_accuracy,8,1,0.9042969
2,3,MLE,logical_accuracy,8,2,0.9050781
2,3,MLE,logical_accuracy,8,3,0.9253906
2,3,MLE,logical_accuracy,8,4,0.8945312
2,3,MLE,logical_accuracy,8,5,0.8957031
2,3,MLE,logical_accuracy,8,6,0.9246094
2,3,MLE,logical_accuracy,8,7,0.9144531
2,3,MLE,logical_accuracy,8,8,0.91875
2,3,MLE,logical_accuracy,8,9,0.9113281
2,3,MLE,logical_accuracy,8,10,0.9089844
2,3,MLE,logical_accuracy,8,11,0.9027344
2,3,MLE,logical_accuracy,8,12,0.9367188
2,3,MLE,logical_accuracy,8,13,0.9238281
2,3,MLE,logical_accuracy,8,14,0.9144531
2,3,MLE,logical_accuracy,8,15,0.9316406
2,3,MLE,logical_accuracy,8,16,0.9191406
2,3,MLE,logical_accuracy,8,17,0.9007812
2,3,MLE,logical_accuracy,8,18,0.9152344
2,3,MLE,logical_accuracy,8,19,0.9164062
2,3,MLE,logical_accuracy,12,0,0.9050781
2,3,MLE,logical_accuracy,12,1,0.8421875
2,3,MLE,logical_accuracy,12,2,0.8816406
2,3,MLE,logical_accuracy,12,3,0.8507813
2,3,MLE,logical_accuracy,12,4,0.8398438
2,3,MLE,logical_accuracy,12,5,0.8777344
2,3,MLE,logical_accuracy,12,6,0.8898438
2,3,MLE,logical_accuracy,12,7,0.8867188
2,3,MLE,logical_accuracy,12,8,0.8550781
2,3,MLE,logical_accuracy,12,9,0.8855469
2,3,MLE,logical_accuracy,12,10,0.8949219
2,3,MLE,logical_accuracy,12,11,0.86875
2,3,MLE,logical_accuracy,12,12,0.8773437
2,3,MLE,logical_accuracy,12,13,0.8941406
2,3,MLE,logical_accuracy,12,14,0.8726563
2,3,MLE,logical_accuracy,12,15,0.8714844
2,3,MLE,logical_accuracy,12,16,0.8847656
2,3,MLE,logical_accuracy,12,17,0.9070312
2,3,MLE,logical_accuracy,12,18,0.8957031
2,3,MLE,logical_accuracy,12,19,0.8464844
2,3,MLE,logical_accuracy,16,0,0.8414063
2,3,MLE,logical_accuracy,16,1,0.8542969
2,3,MLE,logical_accuracy,16,2,0.8617187
2,3,MLE,logical_accuracy,16,3,0.8597656
2,3,MLE,logical_accuracy,16,4,0.8710938
2,3,MLE,logical_accuracy,16,5,0.84375
2,3,MLE,logical_accuracy,16,6,0.8484375
2,3,MLE,logical_accuracy,16,7,0.8773437
2,3,MLE,logical_accuracy,16,8,0.8746094
2,3,MLE,logical_accuracy,16,9,0.8410156
2,3,MLE,logical_accuracy,16,10,0.8644531
2,3,MLE,logical_accuracy,16,11,0.8246094
2,3,MLE,logical_accuracy,16,12,0.8222656
2,3,MLE,logical_accuracy,16,13,0.828125
2,3,MLE,logical_accuracy,16,14,0.8394531
2,3,MLE,logical_accuracy,16,15,0.8304687
2,3,MLE,logical_accuracy,16,16,0.8261719
2,3,MLE,logical_accuracy,16,17,0.8691406
2,3,MLE,logical_accuracy,16,18,0.8710938
2,3,MLE,logical_accuracy,16,19,0.7828125
2,3,MLE,logical_accuracy,20,0,0.8296875
2,3,MLE,logical_accuracy,20,1,0.8167969
2,3,MLE,logical_accuracy,20,2,0.7566406
2,3,MLE,logical_accuracy,20,3,0.8121094
2,3,MLE,logical_accuracy,20,4,0.8214844
2,3,MLE,logical_accuracy,20,5,0.7570313
2,3,MLE,logical_accuracy,20,6,0.7929688
2,3,MLE,logical_accuracy,20,7,0.8378906
2,3,MLE,logical_accuracy,20,8,0.8402344
2,3,MLE,logical_accuracy,20,9,0.7367187
2,3,MLE,logical_accuracy,20,10,0.859375
2,3,MLE,logical_accuracy,20,11,0.8316406
2,3,MLE,logical_accuracy,20,12,0.8054687
2,3,MLE,logical_accuracy,20,13,0.8371094
2,3,MLE,logical_accuracy,20,14,0.7921875
2,3,MLE,logical_accuracy,20,15,0.7546875
2,3,MLE,logical_accuracy,20,16,0.7636719
2,3,MLE,logical_accuracy,20,17,0.8332031
2,3,MLE,logical_accuracy,20,18,0.7890625
2,3,MLE,logical_accuracy,20,19,0.8179688
2,3,MLE,logical_accuracy,24,0,0.8003906
2,3,MLE,logical_accuracy,24,1,0.825
2,3,MLE,logical_accuracy,24,2,0.7058594
2,3,MLE,logical_accuracy,24,3,0.7746094
2,3,MLE,logical_accuracy,24,4,0.7664062
2,3,MLE,logical_accuracy,24,5,0.7734375
2,3,MLE,logical_accuracy,24,6,0.8007812
2,3,MLE,logical_accuracy,24,7,0.7621094
2,3,MLE,logical_accuracy,24,8,0.7917969
2,3,MLE,logical_accuracy,24,9,0.8132812
2,3,MLE,logical_accuracy,24,10,0.7566406
2,3,MLE,logical_accuracy,24,11,0.7097656
2,3,MLE,logical_accuracy,24,12,0.7722656
2,3,MLE,logical_accuracy,24,13,0.7929688
2,3,MLE,logical_accuracy,24,14,0.7648438
2,3,MLE,logical_accuracy,24,15,0.828125
2,3,MLE,logical_accuracy,24,16,0.8121094
2,3,MLE,logical_accuracy,24,17,0.8082031
2,3,MLE,logical_accuracy,24,18,0.740625
2,3,MLE,logical_accuracy,24,19,0.8171875
2,3,MLE,logical_accuracy,28,0,0.78125
2,3,MLE,logical_accuracy,28,1,0.7550781
2,3,MLE,logical_accuracy,28,2,0.7414063
2,3,MLE,logical_accuracy,28,3,0.7949219
2,3,MLE,logical_accuracy,28,4,0.6851563
2,3,MLE,logical_accuracy,28,5,0.7863281
2,3,MLE,logical_accuracy,28,6,0.753125
2,3,MLE,logical_accuracy,28,7,0.7050781
2,3,MLE,logical_accuracy,28,8,0.7511719
2,3,MLE,logical_accuracy,28,9,0.8046875
2,3,MLE,logical_accuracy,28,10,0.8003906
2,3,MLE,logical_accuracy,28,11,0.7550781
2,3,MLE,logical_accuracy,28,12,0.7882813
2,3,MLE,logical_accuracy,28,13,0.7367187
2,3,MLE,logical_accuracy,28,14,0.7695312
2,3,MLE,logical_accuracy,28,15,0.7625
2,3,MLE,logical_accuracy,28,16,0.784375
2,3,MLE,logical_accuracy,28,17,0.7925781
2,3,MLE,logical_accuracy,28,18,0.7558594
2,3,MLE,logical_accuracy,28,19,0.7128906
2,3,MLE,logical_accuracy,32,0,0.6996094
2,3,MLE,logical_accuracy,32,1,0.7585937
2,3,MLE,logical_accuracy,32,2,0.6625
2,3,MLE,logical_accuracy,32,3,0.7128906
2,3,MLE,logical_accuracy,32,4,0.6851563
2,3,MLE,logical_accuracy,32,5,0.740625
2,3,MLE,logical_accuracy,32,6,0.6742187
2,3,MLE,logical_accuracy,32,7,0.7535156
2,3,MLE,logical_accuracy,32,8,0.7863281
2,3,MLE,logical_accuracy,32,9,0.7417969
2,3,MLE,logical_accuracy,32,10,0.7304688
2,3,MLE,logical_accuracy,32,11,0.7363281
2,3,MLE,logical_accuracy,32,12,0.6863281
2,3,MLE,logical_accuracy,32,13,0.7683594
2,3,MLE,logical_accuracy,32,14,0.7929688
2,3,MLE,logical_accuracy,32,15,0.7753906
2,3,MLE,logical_accuracy,32,16,0.7496094
2,3,MLE,logical_accuracy,32,17,0.7296875
2,3,MLE,logical_accuracy,32,18,0.7160156
2,3,MLE,logical_accuracy,32,19,0.7574219
2,3,MLE,logical_accuracy,36,0,0.7304688
2,3,MLE,logical_accuracy,36,1,0.7046875
2,3,MLE,logical_accuracy,36,2,0.6855469
2,3,MLE,logical_accuracy,36,3,0.71875
2,3,MLE,logical_accuracy,36,4,0.7152344
2,3,MLE,logical_accuracy,36,5,0.7328125
2,3,MLE,logical_accuracy,36,6,0.7246094
2,3,MLE,logical_accuracy,36,7,0.7296875
2,3,MLE,logical_accuracy,36,8,0.6539063
2,3,MLE,logical_accuracy,36,9,0.6878906
2,3,MLE,logical_accuracy,36,10,0.7378906
2,3,MLE,logical_accuracy,36,11,0.7675781
2,3,MLE,logical_accuracy,36,12,0.6773438
2,3,MLE,logical_accuracy,36,13,0.6664062
2,3,MLE,logical_accuracy,36,14,0.7292969
2,3,MLE,logical_accuracy,36,15,0.6660156
2,3,MLE,logical_accuracy,36,16,0.7078125
2,3,MLE,logical_accuracy,36,17,0.7378906
2,3,MLE,logical_accuracy,36,18,0.7429687
2,3,MLE,logical_accuracy,36,19,0.628125
2,3,MLE,wall_time_seconds,4,0,0.03491592
2,3,MLE,wall_time_seconds,4,1,0.03376401
2,3,MLE,wall_time_seconds,4,2,0.03416685
2,3,MLE,wall_time_seconds,4,3,0.0337653
2,3,MLE,wall_time_seconds,4,4,0.03538007
2,3,MLE,wall_time_seconds,4,5,0.03426949
2,3,MLE,wall_time_seconds,4,6,0.03445004
2,3,MLE,wall_time_seconds,4,7,0.03519049
2,3,MLE,wall_time_seconds,4,8,0.03285487
2,3,MLE,wall_time_seconds,4,9,0.03458834
2,3,MLE,wall_time_seconds,4,10,0.0356948
2,3,MLE,wall_time_seconds,4,11,0.03338777
2,3,MLE,wall_time_seconds,4,12,0.03364321
2,3,MLE,wall_time_seconds,4,13,0.03323555
2,3,MLE,wall_time_seconds,4,14,0.03512535
2,3,MLE,wall_time_seconds,4,15,0.03504097
2,3,MLE,wall_time_seconds,4,16,0.03217176
2,3,MLE,wall_time_seconds,4,17,0.03433593
2,3,MLE,wall_time_seconds,4,18,0.03420211
2,3,MLE,wall_time_seconds,4,19,0.03484002
2,3,MLE,wall_time_seconds,8,0,0.07038026
2,3,MLE,wall_time_seconds,8,1,0.07119802
2,3,MLE,wall_time_seconds,8,2,0.0720515
2,3,MLE,wall_time_seconds,8,3,0.06833591
2,3,MLE,wall_time_seconds,8,4,0.06911074
2,3,MLE,wall_time_seconds,8,5,0.07077253
2,3,MLE,wall_time_seconds,8,6,0.07001472
2,3,MLE,wall_time_seconds,8,7,0.07213617
2,3,MLE,wall_time_seconds,8,8,0.06906939
2,3,MLE,wall_time_seconds,8,9,0.06860723
2,3,MLE,wall_time_seconds,8,10,0.06938932
2,3,MLE,wall_time_seconds,8,11,0.07200098
2,3,MLE,wall_time_seconds,8,12,0.07164004
2,3,MLE,wall_time_seconds,8,13,0.06830716
2,3,MLE,wall_time_seconds,8,14,0.0689307
2,3,MLE,wall_time_seconds,8,15,0.06911132
2,3,MLE,wall_time_seconds,8,16,0.07314756
2,3,MLE,wall_time_seconds,8,17,0.07082608
2,3,MLE,wall_time_seconds,8,18,0.06910361
2,3,MLE,wall_time_seconds,8,19,0.06792856
2,3,MLE,wall_time_seconds,12,0,0.1016074
2,3,MLE,wall_time_seconds,12,1,0.1013835
2,3,MLE,wall_time_seconds,12,2,0.1054423
2,3,MLE,wall_time_seconds,12,3,0.1038102
2,3,MLE,wall_time_seconds,12,4,0.103247
2,3,MLE,wall_time_seconds,12,5,0.1055094
2,3,MLE,wall_time_seconds,12,6,0.1023422
2,3,MLE,wall_time_seconds,12,7,0.1037355
2,3,MLE,wall_time_seconds,12,8,0.1058854
2,3,MLE,wall_time_seconds,12,9,0.1037028
2,3,MLE,wall_time_seconds,12,10,0.1042552
2,3,MLE,wall_time_seconds,12,11,0.1061537
2,3,MLE,wall_time_seconds,12,12,0.1036729
2,3,MLE,wall_time_seconds,12,13,0.104024
2,3,MLE,wall_time_seconds,12,14,0.1040481
2,3,MLE,wall_time_seconds,12,15,0.1024971
2,3,MLE,wall_time_seconds,12,16,0.1054778
2,3,MLE,wall_time_seconds,12,17,0.1060326
2,3,MLE,wall_time_seconds,12,18,0.1076746
2,3,MLE,wall_time_seconds,12,19,0.1047318
2,3,MLE,wall_time_seconds,16,0,0.1397555
2,3,MLE,wall_time_seconds,16,1,0.1373397
2,3,MLE,wall_time_seconds,16,2,0.1323334
2,3,MLE,wall_time_seconds,16,3,0.1360345
2,3,MLE,wall_time_seconds,16,4,0.1330128
2,3,MLE,wall_time_seconds,16,5,0.1344586
2,3,MLE,wall_time_seconds,16,6,0.1356484
2,3,MLE,wall_time_seconds,16,7,0.1335846
2,3,MLE,wall_time_seconds,16,8,0.1313679
2,3,MLE,wall_time_seconds,16,9,0.1381523
2,3,MLE,wall_time_seconds,16,10,0.1371418
2,3,MLE,wall_time_seconds,16,11,0.1393067
2,3,MLE,wall_time_seconds,16,12,0.1381288
2,3,MLE,wall_time_seconds,16,13,0.1386742
2,3,MLE,wall_time_seconds,16,14,0.1340065
2,3,MLE,wall_time_seconds,16,15,0.1357304
2,3,MLE,wall_time_seconds,16,16,0.135596
2,3,MLE,wall_time_seconds,16,17,0.1380413
2,3,MLE,wall_time_seconds,16,18,0.131825
2,3,MLE,wall_time_seconds,16,19,0.1313551
2,3,MLE,wall_time_seconds,20,0,0.1675189
2,3,MLE,wall_time_seconds,20,1,0.1654556
2,3,MLE,wall_time_seconds,20,2,0.1715839
2,3,MLE,wall_time_seconds,20,3,0.1711232
2,3,MLE,wall_time_seconds,20,4,0.1672778
2,3,MLE,wall_time_seconds,20,5,0.1669267
2,3,MLE,wall_time_seconds,20,6,0.1652061
2,3,MLE,wall_time_seconds,20,7,0.1696303
2,3,MLE,wall_time_seconds,20,8,0.1725055
2,3,MLE,wall_time_seconds,20,9,0.1669413
2,3,MLE,wall_time_seconds,20,10,0.1730466
2,3,MLE,wall_time_seconds,20,11,0.1671841
2,3,MLE,wall_time_seconds,20,12,0.1704523
2,3,MLE,wall_time_seconds,20,13,0.1705101
2,3,MLE,wall_time_seconds,20,14,0.1718354
2,3,MLE,wall_time_seconds,20,15,0.1698396
2,3,MLE,wall_time_seconds,20,16,0.1682427
2,3,MLE,wall_time_seconds,20,17,0.1675775
2,3,MLE,wall_time_seconds,20,18,0.1682427
2,3,MLE,wall_time_seconds,20,19,0.1696559
2,3,MLE,wall_time_seconds,24,0,0.1981762
2,3,MLE,wall_time_seconds,24,1,0.2008225
2,3,MLE,wall_time_seconds,24,2,0.1987184
2,3,MLE,wall_time_seconds,24,3,0.200252
2,3,MLE,wall_time_seconds,24,4,0.2009119
2,3,MLE,wall_time_seconds,24,5,0.2018853
2,3,MLE,wall_time_seconds,24,6,0.2028918
2,3,MLE,wall_time_seconds,24,7,0.2014847
2,3,MLE,wall_time_seconds,24,8,0.1990994
2,3,MLE,wall_time_seconds,24,9,0.2025083
2,3,MLE,wall_time_seconds,24,10,0.1994776
2,3,MLE,wall_time_seconds,24,11,0.1985315
2,3,MLE,wall_time_seconds,24,12,0.2069323
2,3,MLE,wall_time_seconds,24,13,0.2058254
2,3,MLE,wall_time_seconds,24,14,0.2022483
2,3,MLE,wall_time_seconds,24,15,0.1968915
2,3,MLE,wall_time_seconds,24,16,0.2047274
2,3,MLE,wall_time_seconds,24,17,0.2042351
2,3,MLE,wall_time_seconds,24,18,0.2051127
2,3,MLE,wall_time_seconds,24,19,0.2060498
2,3,MLE,wall_time_seconds,28,0,0.2365332
2,3,MLE,wall_time_seconds,28,1,0.2314032
2,3,MLE,wall_time_seconds,28,2,0.2307398
2,3,MLE,wall_time_seconds,28,3,0.2362273
2,3,MLE,wall_time_seconds,28,4,0.2327135
2,3,MLE,wall_time_seconds,28,5,0.2318796
2,3,MLE,wall_time_seconds,28,6,0.2369861
2,3,MLE,wall_time_seconds,28,7,0.2333778
2,3,MLE,wall_time_seconds,28,8,0.2344788
2,3,MLE,wall_time_seconds,28,9,0.2352794
2,3,MLE,wall_time_seconds,28,10,0.233616
2,3,MLE,wall_time_seconds,28,11,0.2359389
2,3,MLE,wall_time_seconds,28,12,0.2360485
2,3,MLE,wall_time_seconds,28,13,0.2369642
2,3,MLE,wall_time_seconds,28,14,0.2331827
2,3,MLE,wall_time_seconds,28,15,0.2373804
2,3,MLE,wall_time_seconds,28,16,0.243709
2,3,MLE,wall_time_seconds,28,17,0.2437366
2,3,MLE,wall_time_seconds,28,18,0.2441931
2,3,MLE,wall_time_seconds,28,19,0.2384126
2,3,MLE,wall_time_seconds,32,0,0.2704187
2,3,MLE,wall_time_seconds,32,1,0.2748601
2,3,MLE,wall_time_seconds,32,2,0.2758143
2,3,MLE,wall_time_seconds,32,3,0.2765681
2,3,MLE,wall_time_seconds,32,4,0.2698718
2,3,MLE,wall_time_seconds,32,5,0.2813376
2,3,MLE,wall_time_seconds,32,6,0.2712015
2,3,MLE,wall_time_seconds,32,7,0.2742528
2,3,MLE,wall_time_seconds,32,8,0.2811338
2,3,MLE,wall_time_seconds,32,9,0.2765857
2,3,MLE,wall_time_seconds,32,10,0.2772314
2,3,MLE,wall_time_seconds,32,11,0.2757244
2,3,MLE,wall_time_seconds,32,12,0.2695431
2,3,MLE,wall_time_seconds,32,13,0.2714278
2,3,MLE,wall_time_seconds,32,14,0.277396
2,3,MLE,wall_time_seconds,32,15,0.2734003
2,3,MLE,wall_time_seconds,32,16,0.2746135
2,3,MLE,wall_time_seconds,32,17,0.2768567
2,3,MLE,wall_time_seconds,32,18,0.2735228
2,3,MLE,wall_time_seconds,32,19,0.270514
2,3,MLE,wall_time_seconds,36,0,0.3092122
2,3,MLE,wall_time_seconds,36,1,0.3101469
2,3,MLE,wall_time_seconds,36,2,0.3056381
2,3,MLE,wall_time_seconds,36,3,0.3024679
2,3,MLE,wall_time_seconds,36,4,0.2982967
2,3,MLE,wall_time_seconds,36,5,0.3022842
2,3,MLE,wall_time_seconds,36,6,0.301699
2,3,MLE,wall_time_seconds,36,7,0.3047199
2,3,MLE,wall_time_seconds,36,8,0.3074913
2,3,MLE,wall_time_seconds,36,9,0.3104249
2,3,MLE,wall_time_seconds,36,10,0.2998182
2,3,MLE,wall_time_seconds,36,11,0.3001162
2,3,MLE,wall_time_seconds,36,12,0.2937917
2,3,MLE,wall_time_seconds,36,13,0.3065083
2,3,MLE,wall_time_seconds,36,14,0.2999472
2,3,MLE,wall_time_seconds,36,15,0.3102984
2,3,MLE,wall_time_seconds,36,16,0.3137494
2,3,MLE,wall_time_seconds,36,17,0.3127911
2,3,MLE,wall_time_seconds,36,18,0.3079923
2,3,MLE,wall_time_seconds,36,19,0.3050814
2,5,BPOSD,logical_accuracy,4,0,0.9613281
2,5,BPOSD,logical_accuracy,4,1,0.9683594
2,5,BPOSD,logical_accuracy,4,2,0.965625
2,5,BPOSD,logical_accuracy,4,3,0.9671875
2,5,BPOSD,logical_accuracy,4,4,0.9742188
2,5,BPOSD,logical_accuracy,4,5,0.9730469
2,5,BPOSD,logical_accuracy,4,6,0.9664063
2,5,BPOSD,logical_accuracy,4,7,0.96875
2,5,BPOSD,logical_accuracy,4,8,0.9710937
2,5,BPOSD,logical_accuracy,4,9,0.9585938
2,5,BPOSD,logical_accuracy,4,10,0.9667969
2,5,BPOSD,logical_accuracy,4,11,0.9613281
2,5,BPOSD,logical_accuracy,4,12,0.9730469
2,5,BPOSD,logical_accuracy,4,13,0.9699219
2,5,BPOSD,logical_accuracy,4,14,0.971875
2,5,BPOSD,logical_accuracy,4,15,0.9695312
2,5,BPOSD,logical_accuracy,4,16,0.9734375
2,5,BPOSD,logical_accuracy,4,17,0.9730469
2,5,BPOSD,logical_accuracy,4,18,0.9667969
2,5,BPOSD,logical_accuracy,4,19,0.959375
2,5,BPOSD,logical_accuracy,8,0,0.928125
2,5,BPOSD,logical_accuracy,8,1,0.9191406
2,5,BPOSD,logical_accuracy,8,2,0.9464844
2,5,BPOSD,logical_accuracy,8,3,0.9316406
2,5,BPOSD,logical_accuracy,8,4,0.9035156
2,5,BPOSD,logical_accuracy,8,5,0.9265625
2,5,BPOSD,logical_accuracy,8,6,0.9355469
2,5,BPOSD,logical_accuracy,8,7,0.9324219
2,5,BPOSD,logical_accuracy,8,8,0.9375
2,5,BPOSD,logical_accuracy,8,9,0.9050781
2,5,BPOSD,logical_accuracy,8,10,0.9136719
2,5,BPOSD,logical_accuracy,8,11,0.9210938
2,5,BPOSD,logical_accuracy,8,12,0.9296875
2,5,BPOSD,logical_accuracy,8,13,0.9269531
2,5,BPOSD,logical_accuracy,8,14,0.9351563
2,5,BPOSD,logical_accuracy,8,15,0.934375
2,5,BPOSD,logical_accuracy,8,16,0.9328125
2,5,BPOSD,logical_accuracy,8,17,0.9199219
2,5,BPOSD,logical_accuracy,8,18,0.9292969
2,5,BPOSD,logical_accuracy,8,19,0.9574219
2,5,BPOSD,logical_accuracy,12,0,0.8796875
2,5,BPOSD,logical_accuracy,12,1,0.8515625
2,5,BPOSD,logical_accuracy,12,2,0.89375
2,5,BPOSD,logical_accuracy,12,3,0.8492188
2,5,BPOSD,logical_accuracy,12,4,0.8628906
2,5,BPOSD,logical_accuracy,12,5,0.8871094
2,5,BPOSD,logical_accuracy,12,6,0.896875
2,5,BPOSD,logical_accuracy,12,7,0.878125
2,5,BPOSD,logical_accuracy,12,8,0.9074219
2,5,BPOSD,logical_accuracy,12,9,0.9101562
2,5,BPOSD,logical_accuracy,12,10,0.8863281
2,5,BPOSD,logical_accuracy,12,11,0.9113281
2,5,BPOSD,logical_accuracy,12,12,0.8960938
2,5,BPOSD,logical_accuracy,12,13,0.8851562
2,5,BPOSD,logical_accuracy,12,14,0.925
2,5,BPOSD,logical_accuracy,12,15,0.8578125
2,5,BPOSD,logical_accuracy,12,16,0.9179688
2,5,BPOSD,logical_accuracy,12,17,0.8582031
2,5,BPOSD,logical_accuracy,12,18,0.9105469
2,5,BPOSD,logical_accuracy,12,19,0.8917969
2,5,BPOSD,logical_accuracy,16,0,0.8632812
2,5,BPOSD,logical_accuracy,16,1,0.8632812
2,5,BPOSD,logical_accuracy,16,2,0.8230469
2,5,BPOSD,logical_accuracy,16,3,0.8457031
2,5,BPOSD,logical_accuracy,16,4,0.8367187
2,5,BPOSD,logical_accuracy,16,5,0.8226562
2,5,BPOSD,logical_accuracy,16,6,0.8523437
2,5,BPOSD,logical_accuracy,16,7,0.8628906
2,5,BPOSD,logical_accuracy,16,8,0.834375
2,5,BPOSD,logical_accuracy,16,9,0.8421875
2,5,BPOSD,logical_accuracy,16,10,0.8226562
2,5,BPOSD,logical_accuracy,16,11,0.8398438
2,5,BPOSD,logical_accuracy,16,12,0.8347656
2,5,BPOSD,logical_accuracy,16,13,0.859375
2,5,BPOSD,logical_accuracy,16,14,0.8816406
2,5,BPOSD,logical_accuracy,16,15,0.8492188
2,5,BPOSD,logical_accuracy,16,16,0.8125
2,5,BPOSD,logical_accuracy,16,17,0.8949219
2,5,BPOSD,logical_accuracy,16,18,0.8191406
2,5,BPOSD,logical_accuracy,16,19,0.85625
2,5,BPOSD,logical_accuracy,20,0,0.8335938
2,5,BPOSD,logical_accuracy,20,1,0.809375
2,5,BPOSD,logical_accuracy,20,2,0.8203125
2,5,BPOSD,logical_accuracy,20,3,0.7867188
2,5,BPOSD,logical_accuracy,20,4,0.7664062
2,5,BPOSD,logical_accuracy,20,5,0.8285156
2,5,BPOSD,logical_accuracy,20,6,0.7988281
2,5,BPOSD,logical_accuracy,20,7,0.8320312
2,5,BPOSD,logical_accuracy,20,8,0.7820312
2,5,BPOSD,logical_accuracy,20,9,0.8203125
2,5,BPOSD,logical_accuracy,20,10,0.821875
2,5,BPOSD,logical_accuracy,20,11,0.796875
2,5,BPOSD,logical_accuracy,20,12,0.8453125
2,5,BPOSD,logical_accuracy,20,13,0.8210937
2,5,BPOSD,logical_accuracy,20,14,0.7738281
2,5,BPOSD,logical_accuracy,20,15,0.8355469
2,5,BPOSD,logical_accuracy,20,16,0.8414063
2,5,BPOSD,logical_accuracy,20,17,0.7597656
2,5,BPOSD,logical_accuracy,20,18,0.7730469
2,5,BPOSD,logical_accuracy,20,19,0.8070312
2,5,BPOSD,logical_accuracy,24,0,0.7503906
2,5,BPOSD,logical_accuracy,24,1,0.7355469
2,5,BPOSD,logical_accuracy,24,2,0.7855469
2,5,BPOSD,logical_accuracy,24,3,0.7847656
2,5,BPOSD,logical_accuracy,24,4,0.7816406
2,5,BPOSD,logical_accuracy,24,5,0.7503906
2,5,BPOSD,logical_accuracy,24,6,0.7839844
2,5,BPOSD,logical_accuracy,24,7,0.7691406
2,5,BPOSD,logical_accuracy,24,8,0.7675781
2,5,BPOSD,logical_accuracy,24,9,0.7230469
2,5,BPOSD,logical_accuracy,24,10,0.7757812
2,5,BPOSD,logical_accuracy,24,11,0.7902344
2,5,BPOSD,logical_accuracy,24,12,0.7308594
2,5,BPOSD,logical_accuracy,24,13,0.7558594
2,5,BPOSD,logical_accuracy,24,14,0.7589844
2,5,BPOSD,logical_accuracy,24,15,0.7960938
2,5,BPOSD,logical_accuracy,24,16,0.7832031
2,5,BPOSD,logical_accuracy,24,17,0.7730469
2,5,BPOSD,logical_accuracy,24,18,0.8082031
2,5,BPOSD,logical_accuracy,24,19,0.75625
2,5,BPOSD,logical_accuracy,28,0,0.7941406
2,5,BPOSD,logical_accuracy,28,1,0.7414063
2,5,BPOSD,logical_accuracy,28,2,0.721875
2,5,BPOSD,logical_accuracy,28,3,0.73125
2,5,BPOSD,logical_accuracy,28,4,0.75625
2,5,BPOSD,logical_accuracy,28,5,0.7476563
2,5,BPOSD,logical_accuracy,28,6,0.6996094
2,5,BPOSD,logical_accuracy,28,7,0.7476563
2,5,BPOSD,logical_accuracy,28,8,0.7769531
2,5,BPOSD,logical_accuracy,28,9,0.7347656
2,5,BPOSD,logical_accuracy,28,10,0.7261719
2,5,BPOSD,logical_accuracy,28,11,0.7027344
2,5,BPOSD,logical_accuracy,28,12,0.7410156
2,5,BPOSD,logical_accuracy,28,13,0.6933594
2,5,BPOSD,logical_accuracy,28,14,0.7550781
2,5,BPOSD,logical_accuracy,28,15,0.7871094
2,5,BPOSD,logical_accuracy,28,16,0.7773438
2,5,BPOSD,logical_accuracy,28,17,0.7757812
2,5,BPOSD,logical_accuracy,28,18,0.7421875
2,5,BPOSD,logical_accuracy,28,19,0.75
2,5,BPOSD,logical_accuracy,32,0,0.6730469
2,5,BPOSD,logical_accuracy,32,1,0.6667969
2,5,BPOSD,logical_accuracy,32,2,0.73125
2,5,BPOSD,logical_accuracy,32,3,0.7515625
2,5,BPOSD,logical_accuracy,32,4,0.7367187
2,5,BPOSD,logical_accuracy,32,5,0.6855469
2,5,BPOSD,logical_accuracy,32,6,0.7105469
2,5,BPOSD,logical_accuracy,32,7,0.7433594
2,5,BPOSD,logical_accuracy,32,8,0.6632813
2,5,BPOSD,logical_accuracy,32,9,0.7570313
2,5,BPOSD,logical_accuracy,32,10,0.6851563
2,5,BPOSD,logical_accuracy,32,11,0.6835938
2,5,BPOSD,logical_accuracy,32,12,0.7351562
2,5,BPOSD,logical_accuracy,32,13,0.7183594
2,5,BPOSD,logical_accuracy,32,14,0.70625
2,5,BPOSD,logical_accuracy,32,15,0.6898437
2,5,BPOSD,logical_accuracy,32,16,0.7015625
2,5,BPOSD,logical_accuracy,32,17,0.7390625
2,5,BPOSD,logical_accuracy,32,18,0.7195312
2,5,BPOSD,logical_accuracy,32,19,0.6941406
2,5,BPOSD,logical_accuracy,36,0,0.7378906
2,5,BPOSD,logical_accuracy,36,1,0.6851563
2,5,BPOSD,logical_accuracy,36,2,0.7421875
2,5,BPOSD,logical_accuracy,36,3,0.6605469
2,5,BPOSD,logical_accuracy,36,4,0.6972656
2,5,BPOSD,logical_accuracy,36,5,0.7152344
2,5,BPOSD,logical_accuracy,36,6,0.6609375
2,5,BPOSD,logical_accuracy,36,7,0.64375
2,5,BPOSD,logical_accuracy,36,8,0.6292969
2,5,BPOSD,logical_accuracy,36,9,0.7
2,5,BPOSD,logical_accuracy,36,10,0.6566406
2,5,BPOSD,logical_accuracy,36,11,0.6753906
2,5,BPOSD,logical_accuracy,36,12,0.6992188
2,5,BPOSD,logical_accuracy,36,13,0.7125
2,5,BPOSD,logical_accuracy,36,14,0.6484375
2,5,BPOSD,logical_accuracy,36,15,0.6425781
2,5,BPOSD,logical_accuracy,36,16,0.6671875
2,5,BPOSD,logical_accuracy,36,17,0.6785156
2,5,BPOSD,logical_accuracy,36,18,0.6824219
2,5,BPOSD,logical_accuracy,36,19,0.7171875
2,5,BPOSD,wall_time_seconds,4,0,0.02904647
2,5,BPOSD,wall_time_seconds,4,1,0.02900833
2,5,BPOSD,wall_time_seconds,4,2,0.02947782
2,5,BPOSD,wall_time_seconds,4,3,0.02865112
2,5,BPOSD,wall_time_seconds,4,4,0.02893719
2,5,BPOSD,wall_time_seconds,4,5,0.02846786
2,5,BPOSD,wall_time_seconds,4,6,0.02956782
2,5,BPOSD,wall_time_seconds,4,7,0.02990992
2,5,BPOSD,wall_time_seconds,4,8,0.02964164
2,5,BPOSD,wall_time_seconds,4,9,0.02950114
2,5,BPOSD,wall_time_seconds,4,10,0.0295082
2,5,BPOSD,wall_time_seconds,4,11,0.02846727
2,5,BPOSD,wall_time_seconds,4,12,0.02876204
2,5,BPOSD,wall_time_seconds,4,13,0.02976068
2,5,BPOSD,wall_time_seconds,4,14,0.0293467
2,5,BPOSD,wall_time_seconds,4,15,0.02965706
2,5,BPOSD,wall_time_seconds,4,16,0.02973805
2,5,BPOSD,wall_time_seconds,4,17,0.02899961
2,5,BPOSD,wall_time_seconds,4,18,0.02887333
2,5,BPOSD,wall_time_seconds,4,19,0.02903224
2,5,BPOSD,wall_time_seconds,8,0,0.1065866
2,5,BPOSD,wall_time_seconds,8,1,0.1081862
2,5,BPOSD,wall_time_seconds,8,2,0.1068161
2,5,BPOSD,wall_time_seconds,8,3,0.1153232
2,5,BPOSD,wall_time_seconds,8,4,0.105742
2,5,BPOSD,wall_time_seconds,8,5,0.1075038
2,5,BPOSD,wall_time_seconds,8,6,0.1063126
2,5,BPOSD,wall_time_seconds,8,7,0.1055642
2,5,BPOSD,wall_time_seconds,8,8,0.1076476
2,5,BPOSD,wall_time_seconds,8,9,0.1075006
2,5,BPOSD,wall_time_seconds,8,10,0.1060794
2,5,BPOSD,wall_time_seconds,8,11,0.1075179
2,5,BPOSD,wall_time_seconds,8,12,0.1071213
2,5,BPOSD,wall_time_seconds,8,13,0.1079409
2,5,BPOSD,wall_time_seconds,8,14,0.1064057
2,5,BPOSD,wall_time_seconds,8,15,0.1072772
2,5,BPOSD,wall_time_seconds,8,16,0.1072577
2,5,BPOSD,wall_time_seconds,8,17,0.1079108
2,5,BPOSD,wall_time_seconds,8,18,0.1076415
2,5,BPOSD,wall_time_seconds,8,19,0.1061081
2,5,BPOSD,wall_time_seconds,12,0,0.2253081
2,5,BPOSD,wall_time_seconds,12,1,0.2397995
2,5,BPOSD,wall_time_seconds,12,2,0.2302881
2,5,BPOSD,wall_time_seconds,12,3,0.2417549
2,5,BPOSD,wall_time_seconds,12,4,0.2311946
2,5,BPOSD,wall_time_seconds,12,5,0.2409947
2,5,BPOSD,wall_time_seconds,12,6,0.23062
2,5,BPOSD,wall_time_seconds,12,7,0.2430182
2,5,BPOSD,wall_time_seconds,12,8,0.231258
2,5,BPOSD,wall_time_seconds,12,9,0.2379446
2,5,BPOSD,wall_time_seconds,12,10,0.2277551
2,5,BPOSD,wall_time_seconds,12,11,0.2434752
2,5,BPOSD,wall_time_seconds,12,12,0.2291185
2,5,BPOSD,wall_time_seconds,12,13,0.243904
2,5,BPOSD,wall_time_seconds,12,14,0.2261448
2,5,BPOSD,wall_time_seconds,12,15,0.2415417
2,5,BPOSD,wall_time_seconds,12,16,0.2261231
2,5,BPOSD,wall_time_seconds,12,17,0.2360615
2,5,BPOSD,wall_time_seconds,12,18,0.2304108
2,5,BPOSD,wall_time_seconds,12,19,0.2386332
2,5,BPOSD,wall_time_seconds,16,0,0.3844651
2,5,BPOSD,wall_time_seconds,16,1,0.3857264
2,5,BPOSD,wall_time_seconds,16,2,0.3850764
2,5,BPOSD,wall_time_seconds,16,3,0.3859878
2,5,BPOSD,wall_time_seconds,16,4,0.4003155
2,5,BPOSD,wall_time_seconds,16,5,0.4114415
2,5,BPOSD,wall_time_seconds,16,6,0.4181649
2,5,BPOSD,wall_time_seconds,16,7,0.3996483
2,5,BPOSD,wall_time_seconds,16,8,0.388709
2,5,BPOSD,wall_time_seconds,16,9,0.4004247
2,5,BPOSD,wall_time_seconds,16,10,0.4013319
2,5,BPOSD,wall_time_seconds,16,11,0.3980752
2,5,BPOSD,wall_time_seconds,16,12,0.3965426
2,5,BPOSD,wall_time_seconds,16,13,0.3991679
2,5,BPOSD,wall_time_seconds,16,14,0.3995272
2,5,BPOSD,wall_time_seconds,16,15,0.4061439
2,5,BPOSD,wall_time_seconds,16,16,0.3939021
2,5,BPOSD,wall_time_seconds,16,17,0.4133206
2,5,BPOSD,wall_time_seconds,16,18,0.4057823
2,5,BPOSD,wall_time_seconds,16,19,0.3873632
2,5,BPOSD,wall_time_seconds,20,0,0.6134512
2,5,BPOSD,wall_time_seconds,20,1,0.5953259
2,5,BPOSD,wall_time_seconds,20,2,0.6016004
2,5,BPOSD,wall_time_seconds,20,3,0.5882201
2,5,BPOSD,wall_time_seconds,20,4,0.5931415
2,5,BPOSD,wall_time_seconds,20,5,0.6132623
2,5,BPOSD,wall_time_seconds,20,6,0.6013892
2,5,BPOSD,wall_time_seconds,20,7,0.6159083
2,5,BPOSD,wall_time_seconds,20,8,0.6169582
2,5,BPOSD,wall_time_seconds,20,9,0.6148122
2,5,BPOSD,wall_time_seconds,20,10,0.5937582
2,5,BPOSD,wall_time_seconds,20,11,0.6196304
2,5,BPOSD,wall_time_seconds,20,12,0.6155694
2,5,BPOSD,wall_time_seconds,20,13,0.6149128
2,5,BPOSD,wall_time_seconds,20,14,0.6083287
2,5,BPOSD,wall_time_seconds,20,15,0.6264785
2,5,BPOSD,wall_time_seconds,20,16,0.6262775
2,5,BPOSD,wall_time_seconds,20,17,0.6249601
2,5,BPOSD,wall_time_seconds,20,18,0.6238432
2,5,BPOSD,wall_time_seconds,20,19,0.6221063
2,5,BPOSD,wall_time_seconds,24,0,0.8976997
2,5,BPOSD,wall_time_seconds,24,1,0.9181493
2,5,BPOSD,wall_time_seconds,24,2,0.8780131
2,5,BPOSD,wall_time_seconds,24,3,0.9019382
2,5,BPOSD,wall_time_seconds,24,4,0.8390696
2,5,BPOSD,wall_time_seconds,24,5,0.8921921
2,5,BPOSD,wall_time_seconds,24,6,0.8715491
2,5,BPOSD,wall_time_seconds,24,7,0.8507713
2,5,BPOSD,wall_time_seconds,24,8,0.8480517
2,5,BPOSD,wall_time_seconds,24,9,0.8722739
2,5,BPOSD,wall_time_seconds,24,10,0.8609309
2,5,BPOSD,wall_time_seconds,24,11,0.9109251
2,5,BPOSD,wall_time_seconds,24,12,0.9014169
2,5,BPOSD,wall_time_seconds,24,13,0.8814598
2,5,BPOSD,wall_time_seconds,24,14,0.8527836
2,5,BPOSD,wall_time_seconds,24,15,0.8443192
2,5,BPOSD,wall_time_seconds,24,16,0.8804178
2,5,BPOSD,wall_time_seconds,24,17,0.8537247
2,5,BPOSD,wall_time_seconds,24,18,0.8455992
2,5,BPOSD,wall_time_seconds,24,19,0.9097617
2,5,BPOSD,wall_time_seconds,28,0,1.148685
2,5,BPOSD,wall_time_seconds,28,1,1.237965
2,5,BPOSD,wall_time_seconds,28,2,1.243224
2,5,BPOSD,wall_time_seconds,28,3,1.237149
2,5,BPOSD,wall_time_seconds,28,4,1.236797
2,5,BPOSD,wall_time_seconds,28,5,1.23853
2,5,BPOSD,wall_time_seconds,28,6,1.24705
2,5,BPOSD,wall_time_seconds,28,7,1.271186
2,5,BPOSD,wall_time_seconds,28,8,1.239615
2,5,BPOSD,wall_time_seconds,28,9,1.158918
2,5,BPOSD,wall_time_seconds,28,10,1.199509
2,5,BPOSD,wall_time_seconds,28,11,1.182012
2,5,BPOSD,wall_time_seconds,28,12,1.221431
2,5,BPOSD,wall_time_seconds,28,13,1.188205
2,5,BPOSD,wall_time_seconds,28,14,1.3273
2,5,BPOSD,wall_time_seconds,28,15,1.164904
2,5,BPOSD,wall_time_seconds,28,16,1.163247
2,5,BPOSD,wall_time_seconds,28,17,1.242693
2,5,BPOSD,wall_time_seconds,28,18,1.187163
2,5,BPOSD,wall_time_seconds,28,19,1.250435
2,5,BPOSD,wall_time_seconds,32,0,1.663651
2,5,BPOSD,wall_time_seconds,32,1,1.543564
2,5,BPOSD,wall_time_seconds,32,2,1.555653
2,5,BPOSD,wall_time_seconds,32,3,1.551618
2,5,BPOSD,wall_time_seconds,32,4,1.711839
2,5,BPOSD,wall_time_seconds,32,5,1.711839
2,5,BPOSD,wall_time_seconds,32,6,1.551107
2,5,BPOSD,wall_time_seconds,32,7,1.545324
2,5,BPOSD,wall_time_seconds,32,8,1.534527
2,5,BPOSD,wall_time_seconds,32,9,1.567184
2,5,BPOSD,wall_time_seconds,32,10,1.585994
2,5,BPOSD,wall_time_seconds,32,11,1.720974
2,5,BPOSD,wall_time_seconds,32,12,1.578081
2,5,BPOSD,wall_time_seconds,32,13,1.546763
2,5,BPOSD,wall_time_seconds,32,14,1.698185
2,5,BPOSD,wall_time_seconds,32,15,1.690097
2,5,BPOSD,wall_time_seconds,32,16,1.547755
2,5,BPOSD,wall_time_seconds,32,17,1.555006
2,5,BPOSD,wall_time_seconds,32,18,1.697793
2,5,BPOSD,wall_time_seconds,32,19,1.700647
2,5,BPOSD,wall_time_seconds,36,0,2.21458
2,5,BPOSD,wall_time_seconds,36,1,2.213125
2,5,BPOSD,wall_time_seconds,36,2,2.217649
2,5,BPOSD,wall_time_seconds,36,3,2.244313
2,5,BPOSD,wall_time_seconds,36,4,2.236746
2,5,BPOSD,wall_time_seconds,36,5,2.079347
2,5,BPOSD,wall_time_seconds,36,6,2.247107
2,5,BPOSD,wall_time_seconds,36,7,2.198506
2,5,BPOSD,wall_time_seconds,36,8,2.260913
2,5,BPOSD,wall_time_seconds,36,9,2.256571
2,5,BPOSD,wall_time_seconds,36,10,2.305468
2,5,BPOSD,wall_time_seconds,36,11,2.271287
2,5,BPOSD,wall_time_seconds,36,12,2.257479
2,5,BPOSD,wall_time_seconds,36,13,2.261956
2,5,BPOSD,wall_time_seconds,36,14,2.287498
2,5,BPOSD,wall_time_seconds,36,15,2.250909
2,5,BPOSD,wall_time_seconds,36,16,2.245924
2,5,BPOSD,wall_time_seconds,36,17,2.240067
2,5,BPOSD,wall_time_seconds,36,18,2.257398
2,5,BPOSD,wall_time_seconds,36,19,2.231292
2,5,MCCD,logical_accuracy,4,0,0.9687695
2,5,MCCD,logical_accuracy,4,1,0.9722656
2,5,MCCD,logical_accuracy,4,2,0.9685742
2,5,MCCD,logical_accuracy,4,3,0.972168
2,5,MCCD,logical_accuracy,4,4,0.9698828
2,5,MCCD,logical_accuracy,4,5,0.9701172
2,5,MCCD,logical_accuracy,4,6,0.9731836
2,5,MCCD,logical_accuracy,4,7,0.9705273
2,5,MCCD,logical_accuracy,4,8,0.9722852
2,5,MCCD,logical_accuracy,4,9,0.9674805
2,5,MCCD,logical_accuracy,4,10,0.9702734
2,5,MCCD,logical_accuracy,4,11,0.9687695
2,5,MCCD,logical_accuracy,4,12,0.9710547
2,5,MCCD,logical_accuracy,4,13,0.9689844
2,5,MCCD,logical_accuracy,4,14,0.9693359
2,5,MCCD,logical_accuracy,4,15,0.9699609
2,5,MCCD,logical_accuracy,4,16,0.9698242
2,5,MCCD,logical_accuracy,4,17,0.969082
2,5,MCCD,logical_accuracy,4,18,0.9710156
2,5,MCCD,logical_accuracy,4,19,0.9713086
2,5,MCCD,logical_accuracy,8,0,0.9363477
2,5,MCCD,logical_accuracy,8,1,0.9351953
2,5,MCCD,logical_accuracy,8,2,0.932207
2,5,MCCD,logical_accuracy,8,3,0.9347852
2,5,MCCD,logical_accuracy,8,4,0.9289062
2,5,MCCD,logical_accuracy,8,5,0.9343555
2,5,MCCD,logical_accuracy,8,6,0.9342969
2,5,MCCD,logical_accuracy,8,7,0.9417383
2,5,MCCD,logical_accuracy,8,8,0.9369336
2,5,MCCD,logical_accuracy,8,9,0.9300781
2,5,MCCD,logical_accuracy,8,10,0.9281445
2,5,MCCD,logical_accuracy,8,11,0.9342773
2,5,MCCD,logical_accuracy,8,12,0.930332
2,5,MCCD,logical_accuracy,8,13,0.9285352
2,5,MCCD,logical_accuracy,8,14,0.9419727
2,5,MCCD,logical_accuracy,8,15,0.9349609
2,5,MCCD,logical_accuracy,8,16,0.942168
2,5,MCCD,logical_accuracy,8,17,0.9316602
2,5,MCCD,logical_accuracy,8,18,0.9326367
2,5,MCCD,logical_accuracy,8,19,0.9255469
2,5,MCCD,logical_accuracy,12,0,0.8823242
2,5,MCCD,logical_accuracy,12,1,0.8975195
2,5,MCCD,logical_accuracy,12,2,0.8939453
2,5,MCCD,logical_accuracy,12,3,0.9026562
2,5,MCCD,logical_accuracy,12,4,0.9041797
2,5,MCCD,logical_accuracy,12,5,0.8985156
2,5,MCCD,logical_accuracy,12,6,0.9043359
2,5,MCCD,logical_accuracy,12,7,0.8917188
2,5,MCCD,logical_accuracy,12,8,0.9016992
2,5,MCCD,logical_accuracy,12,9,0.8972266
2,5,MCCD,logical_accuracy,12,10,0.8851367
2,5,MCCD,logical_accuracy,12,11,0.8957227
2,5,MCCD,logical_accuracy,12,12,0.8891211
2,5,MCCD,logical_accuracy,12,13,0.8983008
2,5,MCCD,logical_accuracy,12,14,0.8831641
2,5,MCCD,logical_accuracy,12,15,0.8922266
2,5,MCCD,logical_accuracy,12,16,0.8906641
2,5,MCCD,logical_accuracy,12,17,0.9032422
2,5,MCCD,logical_accuracy,12,18,0.8954492
2,5,MCCD,logical_accuracy,12,19,0.9074609
2,5,MCCD,logical_accuracy,16,0,0.8568359
2,5,MCCD,logical_accuracy,16,1,0.8529492
2,5,MCCD,logical_accuracy,16,2,0.8517969
2,5,MCCD,logical_accuracy,16,3,0.8557227
2,5,MCCD,logical_accuracy,16,4,0.8532422
2,5,MCCD,logical_accuracy,16,5,0.8495117
2,5,MCCD,logical_accuracy,16,6,0.8476953
2,5,MCCD,logical_accuracy,16,7,0.8627539
2,5,MCCD,logical_accuracy,16,8,0.8443945
2,5,MCCD,logical_accuracy,16,9,0.8474609
2,5,MCCD,logical_accuracy,16,10,0.8428711
2,5,MCCD,logical_accuracy,16,11,0.8465625
2,5,MCCD,logical_accuracy,16,12,0.8461914
2,5,MCCD,logical_accuracy,16,13,0.8645117
2,5,MCCD,logical_accuracy,16,14,0.8661133
2,5,MCCD,logical_accuracy,16,15,0.856875
2,5,MCCD,logical_accuracy,16,16,0.8687695
2,5,MCCD,logical_accuracy,16,17,0.8527344
2,5,MCCD,logical_accuracy,16,18,0.8654102
2,5,MCCD,logical_accuracy,16,19,0.8488086
2,5,MCCD,logical_accuracy,20,0,0.8238086
2,5,MCCD,logical_accuracy,20,1,0.8058398
2,5,MCCD,logical_accuracy,20,2,0.807207
2,5,MCCD,logical_accuracy,20,3,0.7906836
2,5,MCCD,logical_accuracy,20,4,0.7891992
2,5,MCCD,logical_accuracy,20,5,0.8091406
2,5,MCCD,logical_accuracy,20,6,0.8031641
2,5,MCCD,logical_accuracy,20,7,0.8018555
2,5,MCCD,logical_accuracy,20,8,0.7954297
2,5,MCCD,logical_accuracy,20,9,0.7942773
2,5,MCCD,logical_accuracy,20,10,0.8037305
2,5,MCCD,logical_accuracy,20,11,0.7819727
2,5,MCCD,logical_accuracy,20,12,0.8075586
2,5,MCCD,logical_accuracy,20,13,0.7889062
2,5,MCCD,logical_accuracy,20,14,0.8021289
2,5,MCCD,logical_accuracy,20,15,0.8155664
2,5,MCCD,logical_accuracy,20,16,0.8205664
2,5,MCCD,logical_accuracy,20,17,0.7850781
2,5,MCCD,logical_accuracy,20,18,0.789043
2,5,MCCD,logical_accuracy,20,19,0.7770313
2,5,MCCD,logical_accuracy,24,0,0.7586914
2,5,MCCD,logical_accuracy,24,1,0.782168
2,5,MCCD,logical_accuracy,24,2,0.7693164
2,5,MCCD,logical_accuracy,24,3,0.7717188
2,5,MCCD,logical_accuracy,24,4,0.7685352
2,5,MCCD,logical_accuracy,24,5,0.7947266
2,5,MCCD,logical_accuracy,24,6,0.7849414
2,5,MCCD,logical_accuracy,24,7,0.7667188
2,5,MCCD,logical_accuracy,24,8,0.7525977
2,5,MCCD,logical_accuracy,24,9,0.7571289
2,5,MCCD,logical_accuracy,24,10,0.7481055
2,5,MCCD,logical_accuracy,24,11,0.7749805
2,5,MCCD,logical_accuracy,24,12,0.7638281
2,5,MCCD,logical_accuracy,24,13,0.7691797
2,5,MCCD,logical_accuracy,24,14,0.7966211
2,5,MCCD,logical_accuracy,24,15,0.7669922
2,5,MCCD,logical_accuracy,24,16,0.7651562
2,5,MCCD,logical_accuracy,24,17,0.7993359
2,5,MCCD,logical_accuracy,24,18,0.7878516
2,5,MCCD,logical_accuracy,24,19,0.7629297
2,5,MCCD,logical_accuracy,28,0,0.7266602
2,5,MCCD,logical_accuracy,28,1,0.7078125
2,5,MCCD,logical_accuracy,28,2,0.7150391
2,5,MCCD,logical_accuracy,28,3,0.7155859
2,5,MCCD,logical_accuracy,28,4,0.7193555
2,5,MCCD,logical_accuracy,28,5,0.7043555
2,5,MCCD,logical_accuracy,28,6,0.7086523
2,5,MCCD,logical_accuracy,28,7,0.7180664
2,5,MCCD,logical_accuracy,28,8,0.7109961
2,5,MCCD,logical_accuracy,28,9,0.7445898
2,5,MCCD,logical_accuracy,28,10,0.7661328
2,5,MCCD,logical_accuracy,28,11,0.7180859
2,5,MCCD,logical_accuracy,28,12,0.7369531
2,5,MCCD,logical_accuracy,28,13,0.73125
2,5,MCCD,logical_accuracy,28,14,0.7311914
2,5,MCCD,logical_accuracy,28,15,0.7279492
2,5,MCCD,logical_accuracy,28,16,0.7058594
2,5,MCCD,logical_accuracy,28,17,0.7430664
2,5,MCCD,logical_accuracy,28,18,0.7231445
2,5,MCCD,logical_accuracy,28,19,0.6900391
2,5,MCCD,logical_accuracy,32,0,0.6906641
2,5,MCCD,logical_accuracy,32,1,0.6802344
2,5,MCCD,logical_accuracy,32,2,0.6916602
2,5,MCCD,logical_accuracy,32,3,0.6796875
2,5,MCCD,logical_accuracy,32,4,0.6919531
2,5,MCCD,logical_accuracy,32,5,0.6830078
2,5,MCCD,logical_accuracy,32,6,0.6606055
2,5,MCCD,logical_accuracy,32,7,0.713418
2,5,MCCD,logical_accuracy,32,8,0.6583398
2,5,MCCD,logical_accuracy,32,9,0.723457
2,5,MCCD,logical_accuracy,32,10,0.7245313
2,5,MCCD,logical_accuracy,32,11,0.6758008
2,5,MCCD,logical_accuracy,32,12,0.6857422
2,5,MCCD,logical_accuracy,32,13,0.6824219
2,5,MCCD,logical_accuracy,32,14,0.7219531
2,5,MCCD,logical_accuracy,32,15,0.6757422
2,5,MCCD,logical_accuracy,32,16,0.6916406
2,5,MCCD,logical_accuracy,32,17,0.6661523
2,5,MCCD,logical_accuracy,32,18,0.6891406
2,5,MCCD,logical_accuracy,32,19,0.6593555
2,5,MCCD,logical_accuracy,36,0,0.6862305
2,5,MCCD,logical_accuracy,36,1,0.6510156
2,5,MCCD,logical_accuracy,36,2,0.6890625
2,5,MCCD,logical_accuracy,36,3,0.6473437
2,5,MCCD,logical_accuracy,36,4,0.6720898
2,5,MCCD,logical_accuracy,36,5,0.6933398
2,5,MCCD,logical_accuracy,36,6,0.6598828
2,5,MCCD,logical_accuracy,36,7,0.6636133
2,5,MCCD,logical_accuracy,36,8,0.6599219
2,5,MCCD,logical_accuracy,36,9,0.7070898
2,5,MCCD,logical_accuracy,36,10,0.6460156
2,5,MCCD,logical_accuracy,36,11,0.7150977
2,5,MCCD,logical_accuracy,36,12,0.6500195
2,5,MCCD,logical_accuracy,36,13,0.6682812
2,5,MCCD,logical_accuracy,36,14,0.6567188
2,5,MCCD,logical_accuracy,36,15,0.6513672
2,5,MCCD,logical_accuracy,36,16,0.6598828
2,5,MCCD,logical_accuracy,36,17,0.6680078
2,5,MCCD,logical_accuracy,36,18,0.6741992
2,5,MCCD,logical_accuracy,36,19,0.7020117
2,5,MCCD,wall_time_seconds,4,0,0.003063358
2,5,MCCD,wall_time_seconds,4,1,0.002434768
2,5,MCCD,wall_time_seconds,4,2,0.002422437
2,5,MCCD,wall_time_seconds,4,3,0.002408653
2,5,MCCD,wall_time_seconds,4,4,0.002426535
2,5,MCCD,wall_time_seconds,4,5,0.002490342
2,5,MCCD,wall_time_seconds,4,6,0.002747543
2,5,MCCD,wall_time_seconds,4,7,0.002469644
2,5,MCCD,wall_time_seconds,4,8,0.002482407
2,5,MCCD,wall_time_seconds,4,9,0.002633236
2,5,MCCD,wall_time_seconds,4,10,0.002445146
2,5,MCCD,wall_time_seconds,4,11,0.002432495
2,5,MCCD,wall_time_seconds,4,12,0.002485044
2,5,MCCD,wall_time_seconds,4,13,0.00245671
2,5,MCCD,wall_time_seconds,4,14,0.002665594
2,5,MCCD,wall_time_seconds,4,15,0.002503566
2,5,MCCD,wall_time_seconds,4,16,0.002479538
2,5,MCCD,wall_time_seconds,4,17,0.002445973
2,5,MCCD,wall_time_seconds,4,18,0.002433866
2,5,MCCD,wall_time_seconds,4,19,0.002476953
2,5,MCCD,wall_time_seconds,8,0,0.002424784
2,5,MCCD,wall_time_seconds,8,1,0.00404451
2,5,MCCD,wall_time_seconds,8,2,0.00377506
2,5,MCCD,wall_time_seconds,8,3,0.003672265
2,5,MCCD,wall_time_seconds,8,4,0.003719673
2,5,MCCD,wall_time_seconds,8,5,0.0037283
2,5,MCCD,wall_time_seconds,8,6,0.003742717
2,5,MCCD,wall_time_seconds,8,7,0.003685854
2,5,MCCD,wall_time_seconds,8,8,0.003738381
2,5,MCCD,wall_time_seconds,8,9,0.003672309
2,5,MCCD,wall_time_seconds,8,10,0.003677487
2,5,MCCD,wall_time_seconds,8,11,0.003706731
2,5,MCCD,wall_time_seconds,8,12,0.004077271
2,5,MCCD,wall_time_seconds,8,13,0.003781423
2,5,MCCD,wall_time_seconds,8,14,0.003666669
2,5,MCCD,wall_time_seconds,8,15,0.003584892
2,5,MCCD,wall_time_seconds,8,16,0.003675446
2,5,MCCD,wall_time_seconds,8,17,0.003716029
2,5,MCCD,wall_time_seconds,8,18,0.003713839
2,5,MCCD,wall_time_seconds,8,19,0.0036887
2,5,MCCD,wall_time_seconds,12,0,0.00368394
2,5,MCCD,wall_time_seconds,12,1,0.005025849
2,5,MCCD,wall_time_seconds,12,2,0.004813299
2,5,MCCD,wall_time_seconds,12,3,0.005272537
2,5,MCCD,wall_time_seconds,12,4,0.005130127
2,5,MCCD,wall_time_seconds,12,5,0.004905477
2,5,MCCD,wall_time_seconds,12,6,0.004915632
2,5,MCCD,wall_time_seconds,12,7,0.00492198
2,5,MCCD,wall_time_seconds,12,8,0.004878014
2,5,MCCD,wall_time_seconds,12,9,0.005011417
2,5,MCCD,wall_time_seconds,12,10,0.004913799
2,5,MCCD,wall_time_seconds,12,11,0.004924163
2,5,MCCD,wall_time_seconds,12,12,0.00495363
2,5,MCCD,wall_time_seconds,12,13,0.004849322
2,5,MCCD,wall_time_seconds,12,14,0.004938394
2,5,MCCD,wall_time_seconds,12,15,0.004943691
2,5,MCCD,wall_time_seconds,12,16,0.005249433
2,5,MCCD,wall_time_seconds,12,17,0.005150579
2,5,MCCD,wall_time_seconds,12,18,0.004987061
2,5,MCCD,wall_time_seconds,12,19,0.00496877
2,5,MCCD,wall_time_seconds,16,0,0.005021937
2,5,MCCD,wall_time_seconds,16,1,0.006161384
2,5,MCCD,wall_time_seconds,16,2,0.006201617
2,5,MCCD,wall_time_seconds,16,3,0.006096646
2,5,MCCD,wall_time_seconds,16,4,0.006112233
2,5,MCCD,wall_time_seconds,16,5,0.0060836
2,5,MCCD,wall_time_seconds,16,6,0.006165333
2,5,MCCD,wall_time_seconds,16,7,0.0065706
2,5,MCCD,wall_time_seconds,16,8,0.006266326
2,5,MCCD,wall_time_seconds,16,9,0.006193891
2,5,MCCD,wall_time_seconds,16,10,0.006165385
2,5,MCCD,wall_time_seconds,16,11,0.006127372
2,5,MCCD,wall_time_seconds,16,12,0.006148383
2,5,MCCD,wall_time_seconds,16,13,0.00607723
2,5,MCCD,wall_time_seconds,16,14,0.006073043
2,5,MCCD,wall_time_seconds,16,15,0.006108202
2,5,MCCD,wall_time_seconds,16,16,0.006172776
2,5,MCCD,wall_time_seconds,16,17,0.006114475
2,5,MCCD,wall_time_seconds,16,18,0.006089911
2,5,MCCD,wall_time_seconds,16,19,0.006187916
2,5,MCCD,wall_time_seconds,20,0,0.006743282
2,5,MCCD,wall_time_seconds,20,1,0.007540509
2,5,MCCD,wall_time_seconds,20,2,0.007333167
2,5,MCCD,wall_time_seconds,20,3,0.007260278
2,5,MCCD,wall_time_seconds,20,4,0.007323682
2,5,MCCD,wall_time_seconds,20,5,0.007373758
2,5,MCCD,wall_time_seconds,20,6,0.007377356
2,5,MCCD,wall_time_seconds,20,7,0.00732132
2,5,MCCD,wall_time_seconds,20,8,0.007322915
2,5,MCCD,wall_time_seconds,20,9,0.007276796
2,5,MCCD,wall_time_seconds,20,10,0.007326804
2,5,MCCD,wall_time_seconds,20,11,0.007370479
2,5,MCCD,wall_time_seconds,20,12,0.007796422
2,5,MCCD,wall_time_seconds,20,13,0.007550821
2,5,MCCD,wall_time_seconds,20,14,0.007332079
2,5,MCCD,wall_time_seconds,20,15,0.007369235
2,5,MCCD,wall_time_seconds,20,16,0.007308677
2,5,MCCD,wall_time_seconds,20,17,0.007278897
2,5,MCCD,wall_time_seconds,20,18,0.007351622
2,5,MCCD,wall_time_seconds,20,19,0.007328957
2,5,MCCD,wall_time_seconds,24,0,0.00727614
2,5,MCCD,wall_time_seconds,24,1,0.008405291
2,5,MCCD,wall_time_seconds,24,2,0.00855229
2,5,MCCD,wall_time_seconds,24,3,0.009090662
2,5,MCCD,wall_time_seconds,24,4,0.008558296
2,5,MCCD,wall_time_seconds,24,5,0.008530535
2,5,MCCD,wall_time_seconds,24,6,0.008484066
2,5,MCCD,wall_time_seconds,24,7,0.008574396
2,5,MCCD,wall_time_seconds,24,8,0.008554026
2,5,MCCD,wall_time_seconds,24,9,0.008443542
2,5,MCCD,wall_time_seconds,24,10,0.008459322
2,5,MCCD,wall_time_seconds,24,11,0.008487642
2,5,MCCD,wall_time_seconds,24,12,0.01171724
2,5,MCCD,wall_time_seconds,24,13,0.008781999
2,5,MCCD,wall_time_seconds,24,14,0.008537233
2,5,MCCD,wall_time_seconds,24,15,0.008550704
2,5,MCCD,wall_time_seconds,24,16,0.0086037
2,5,MCCD,wall_time_seconds,24,17,0.008499853
2,5,MCCD,wall_time_seconds,24,18,0.008563697
2,5,MCCD,wall_time_seconds,24,19,0.008556269
2,5,MCCD,wall_time_seconds,28,0,0.008526929
2,5,MCCD,wall_time_seconds,28,1,0.01051447
2,5,MCCD,wall_time_seconds,28,2,0.009767756
2,5,MCCD,wall_time_seconds,28,3,0.009503715
2,5,MCCD,wall_time_seconds,28,4,0.009629607
2,5,MCCD,wall_time_seconds,28,5,0.009751983
2,5,MCCD,wall_time_seconds,28,6,0.01062126
2,5,MCCD,wall_time_seconds,28,7,0.009618372
2,5,MCCD,wall_time_seconds,28,8,0.009635836
2,5,MCCD,wall_time_seconds,28,9,0.009713724
2,5,MCCD,wall_time_seconds,28,10,0.01035123
2,5,MCCD,wall_time_seconds,28,11,0.009678289
2,5,MCCD,wall_time_seconds,28,12,0.00957872
2,5,MCCD,wall_time_seconds,28,13,0.00970871
2,5,MCCD,wall_time_seconds,28,14,0.00969246
2,5,MCCD,wall_time_seconds,28,15,0.009616554
2,5,MCCD,wall_time_seconds,28,16,0.009685725
2,5,MCCD,wall_time_seconds,28,17,0.009681672
2,5,MCCD,wall_time_seconds,28,18,0.01012518
2,5,MCCD,wall_time_seconds,28,19,0.009904169
2,5,MCCD,wall_time_seconds,32,0,0.009812392
2,5,MCCD,wall_time_seconds,32,1,0.01089434
2,5,MCCD,wall_time_seconds,32,2,0.01086693
2,5,MCCD,wall_time_seconds,32,3,0.01086415
2,5,MCCD,wall_time_seconds,32,4,0.01093484
2,5,MCCD,wall_time_seconds,32,5,0.01149309
2,5,MCCD,wall_time_seconds,32,6,0.01098657
2,5,MCCD,wall_time_seconds,32,7,0.0110244
2,5,MCCD,wall_time_seconds,32,8,0.01085685
2,5,MCCD,wall_time_seconds,32,9,0.01090049
2,5,MCCD,wall_time_seconds,32,10,0.01110043
2,5,MCCD,wall_time_seconds,32,11,0.01089969
2,5,MCCD,wall_time_seconds,32,12,0.01088934
2,5,MCCD,wall_time_seconds,32,13,0.01153088
2,5,MCCD,wall_time_seconds,32,14,0.0108729
2,5,MCCD,wall_time_seconds,32,15,0.01091991
2,5,MCCD,wall_time_seconds,32,16,0.01097695
2,5,MCCD,wall_time_seconds,32,17,0.01092591
2,5,MCCD,wall_time_seconds,32,18,0.01079572
2,5,MCCD,wall_time_seconds,32,19,0.01088995
2,5,MCCD,wall_time_seconds,36,0,0.01155394
2,5,MCCD,wall_time_seconds,36,1,0.01217286
2,5,MCCD,wall_time_seconds,36,2,0.01214405
2,5,MCCD,wall_time_seconds,36,3,0.01224688
2,5,MCCD,wall_time_seconds,36,4,0.01206445
2,5,MCCD,wall_time_seconds,36,5,0.01208863
2,5,MCCD,wall_time_seconds,36,6,0.01282007
2,5,MCCD,wall_time_seconds,36,7,0.01197565
2,5,MCCD,wall_time_seconds,36,8,0.01241764
2,5,MCCD,wall_time_seconds,36,9,0.01222552
2,5,MCCD,wall_time_seconds,36,10,0.0120763
2,5,MCCD,wall_time_seconds,36,11,0.01219839
2,5,MCCD,wall_time_seconds,36,12,0.0127153
2,5,MCCD,wall_time_seconds,36,13,0.01239222
2,5,MCCD,wall_time_seconds,36,14,0.01213629
2,5,MCCD,wall_time_seconds,36,15,0.01229337
2,5,MCCD,wall_time_seconds,36,16,0.01217118
2,5,MCCD,wall_time_seconds,36,17,0.01209279
2,5,MCCD,wall_time_seconds,36,18,0.01222265
2,5,MCCD,wall_time_seconds,36,19,0.01286317
2,5,MLE,logical_accuracy,4,0,0.9855469
2,5,MLE,logical_accuracy,4,1,0.9832031
2,5,MLE,logical_accuracy,4,2,0.9847656
2,5,MLE,logical_accuracy,4,3,0.9820313
2,5,MLE,logical_accuracy,4,4,0.9839844
2,5,MLE,logical_accuracy,4,5,0.9871094
2,5,MLE,logical_accuracy,4,6,0.9839844
2,5,MLE,logical_accuracy,4,7,0.9832031
2,5,MLE,logical_accuracy,4,8,0.9839844
2,5,MLE,logical_accuracy,4,9,0.9816406
2,5,MLE,logical_accuracy,4,10,0.9777344
2,5,MLE,logical_accuracy,4,11,0.98125
2,5,MLE,logical_accuracy,4,12,0.9863281
2,5,MLE,logical_accuracy,4,13,0.9863281
2,5,MLE,logical_accuracy,4,14,0.9847656
2,5,MLE,logical_accuracy,4,15,0.9816406
2,5,MLE,logical_accuracy,4,16,0.9847656
2,5,MLE,logical_accuracy,4,17,0.9832031
2,5,MLE,logical_accuracy,4,18,0.9851562
2,5,MLE,logical_accuracy,4,19,0.9804688
2,5,MLE,logical_accuracy,8,0,0.9699219
2,5,MLE,logical_accuracy,8,1,0.971875
2,5,MLE,logical_accuracy,8,2,0.9714844
2,5,MLE,logical_accuracy,8,3,0.9761719
2,5,MLE,logical_accuracy,8,4,0.9707031
2,5,MLE,logical_accuracy,8,5,0.96875
2,5,MLE,logical_accuracy,8,6,0.9730469
2,5,MLE,logical_accuracy,8,7,0.978125
2,5,MLE,logical_accuracy,8,8,0.9664063
2,5,MLE,logical_accuracy,8,9,0.9800781
2,5,MLE,logical_accuracy,8,10,0.9730469
2,5,MLE,logical_accuracy,8,11,0.9644531
2,5,MLE,logical_accuracy,8,12,0.9769531
2,5,MLE,logical_accuracy,8,13,0.9652344
2,5,MLE,logical_accuracy,8,14,0.9753906
2,5,MLE,logical_accuracy,8,15,0.9601563
2,5,MLE,logical_accuracy,8,16,0.98125
2,5,MLE,logical_accuracy,8,17,0.9707031
2,5,MLE,logical_accuracy,8,18,0.9789062
2,5,MLE,logical_accuracy,8,19,0.9667969
2,5,MLE,logical_accuracy,12,0,0.9621094
2,5,MLE,logical_accuracy,12,1,0.9683594
2,5,MLE,logical_accuracy,12,2,0.9539062
2,5,MLE,logical_accuracy,12,3,0.9566406
2,5,MLE,logical_accuracy,12,4,0.9632812
2,5,MLE,logical_accuracy,12,5,0.959375
2,5,MLE,logical_accuracy,12,6,0.9585938
2,5,MLE,logical_accuracy,12,7,0.9636719
2,5,MLE,logical_accuracy,12,8,0.9601563
2,5,MLE,logical_accuracy,12,9,0.9375
2,5,MLE,logical_accuracy,12,10,0.9492188
2,5,MLE,logical_accuracy,12,11,0.9589844
2,5,MLE,logical_accuracy,12,12,0.9523438
2,5,MLE,logical_accuracy,12,13,0.9566406
2,5,MLE,logical_accuracy,12,14,0.9695312
2,5,MLE,logical_accuracy,12,15,0.9609375
2,5,MLE,logical_accuracy,12,16,0.9527344
2,5,MLE,logical_accuracy,12,17,0.9539062
2,5,MLE,logical_accuracy,12,18,0.9601563
2,5,MLE,logical_accuracy,12,19,0.9582031
2,5,MLE,logical_accuracy,16,0,0.9277344
2,5,MLE,logical_accuracy,16,1,0.9335938
2,5,MLE,logical_accuracy,16,2,0.9503906
2,5,MLE,logical_accuracy,16,3,0.9429688
2,5,MLE,logical_accuracy,16,4,0.940625
2,5,MLE,logical_accuracy,16,5,0.9621094
2,5,MLE,logical_accuracy,16,6,0.9445313
2,5,MLE,logical_accuracy,16,7,0.9554687
2,5,MLE,logical_accuracy,16,8,0.9707031
2,5,MLE,logical_accuracy,16,9,0.946875
2,5,MLE,logical_accuracy,16,10,0.9347656
2,5,MLE,logical_accuracy,16,11,0.9476562
2,5,MLE,logical_accuracy,16,12,0.9445313
2,5,MLE,logical_accuracy,16,13,0.9417969
2,5,MLE,logical_accuracy,16,14,0.9644531
2,5,MLE,logical_accuracy,16,15,0.9289063
2,5,MLE,logical_accuracy,16,16,0.9566406
2,5,MLE,logical_accuracy,16,17,0.9152344
2,5,MLE,logical_accuracy,16,18,0.9121094
2,5,MLE,logical_accuracy,16,19,0.9105469
2,5,MLE,logical_accuracy,20,0,0.9207031
2,5,MLE,logical_accuracy,20,1,0.93125
2,5,MLE,logical_accuracy,20,2,0.9042969
2,5,MLE,logical_accuracy,20,3,0.9320312
2,5,MLE,logical_accuracy,20,4,0.9195313
2,5,MLE,logical_accuracy,20,5,0.9429688
2,5,MLE,logical_accuracy,20,6,0.9492188
2,5,MLE,logical_accuracy,20,7,0.9125
2,5,MLE,logical_accuracy,20,8,0.9433594
2,5,MLE,logical_accuracy,20,9,0.9519531
2,5,MLE,logical_accuracy,20,10,0.9179688
2,5,MLE,logical_accuracy,20,11,0.9335938
2,5,MLE,logical_accuracy,20,12,0.9394531
2,5,MLE,logical_accuracy,20,13,0.9390625
2,5,MLE,logical_accuracy,20,14,0.921875
2,5,MLE,logical_accuracy,20,15,0.9164062
2,5,MLE,logical_accuracy,20,16,0.9183594
2,5,MLE,logical_accuracy,20,17,0.9417969
2,5,MLE,logical_accuracy,20,18,0.9304687
2,5,MLE,logical_accuracy,20,19,0.9421875
2,5,MLE,logical_accuracy,24,0,0.9277344
2,5,MLE,logical_accuracy,24,1,0.9320312
2,5,MLE,logical_accuracy,24,2,0.9214844
2,5,MLE,logical_accuracy,24,3,0.9175781
2,5,MLE,logical_accuracy,24,4,0.9128906
2,5,MLE,logical_accuracy,24,5,0.9332031
2,5,MLE,logical_accuracy,24,6,0.8980469
2,5,MLE,logical_accuracy,24,7,0.9179688
2,5,MLE,logical_accuracy,24,8,0.9320312
2,5,MLE,logical_accuracy,24,9,0.9136719
2,5,MLE,logical_accuracy,24,10,0.9015625
2,5,MLE,logical_accuracy,24,11,0.9105469
2,5,MLE,logical_accuracy,24,12,0.9246094
2,5,MLE,logical_accuracy,24,13,0.9292969
2,5,MLE,logical_accuracy,24,14,0.9246094
2,5,MLE,logical_accuracy,24,15,0.89375
2,5,MLE,logical_accuracy,24,16,0.9320312
2,5,MLE,logical_accuracy,24,17,0.9246094
2,5,MLE,logical_accuracy,24,18,0.8878906
2,5,MLE,logical_accuracy,24,19,0.9160156
2,5,MLE,logical_accuracy,28,0,0.928125
2,5,MLE,logical_accuracy,28,1,0.8542969
2,5,MLE,logical_accuracy,28,2,0.9390625
2,5,MLE,logical_accuracy,28,3,0.8941406
2,5,MLE,logical_accuracy,28,4,0.9191406
2,5,MLE,logical_accuracy,28,5,0.9167969
2,5,MLE,logical_accuracy,28,6,0.8945312
2,5,MLE,logical_accuracy,28,7,0.9214844
2,5,MLE,logical_accuracy,28,8,0.878125
2,5,MLE,logical_accuracy,28,9,0.8636719
2,5,MLE,logical_accuracy,28,10,0.8957031
2,5,MLE,logical_accuracy,28,11,0.8867188
2,5,MLE,logical_accuracy,28,12,0.8914062
2,5,MLE,logical_accuracy,28,13,0.9074219
2,5,MLE,logical_accuracy,28,14,0.8902344
2,5,MLE,logical_accuracy,28,15,0.9382812
2,5,MLE,logical_accuracy,28,16,0.9140625
2,5,MLE,logical_accuracy,28,17,0.896875
2,5,MLE,logical_accuracy,28,18,0.9152344
2,5,MLE,logical_accuracy,28,19,0.9078125
2,5,MLE,logical_accuracy,32,0,0.9128906
2,5,MLE,logical_accuracy,32,1,0.903125
2,5,MLE,logical_accuracy,32,2,0.8671875
2,5,MLE,logical_accuracy,32,3,0.88125
2,5,MLE,logical_accuracy,32,4,0.8933594
2,5,MLE,logical_accuracy,32,5,0.8730469
2,5,MLE,logical_accuracy,32,6,0.8617187
2,5,MLE,logical_accuracy,32,7,0.8972656
2,5,MLE,logical_accuracy,32,8,0.9207031
2,5,MLE,logical_accuracy,32,9,0.8828125
2,5,MLE,logical_accuracy,32,10,0.8824219
2,5,MLE,logical_accuracy,32,11,0.8738281
2,5,MLE,logical_accuracy,32,12,0.8679687
2,5,MLE,logical_accuracy,32,13,0.9046875
2,5,MLE,logical_accuracy,32,14,0.9207031
2,5,MLE,logical_accuracy,32,15,0.9191406
2,5,MLE,logical_accuracy,32,16,0.8734375
2,5,MLE,logical_accuracy,32,17,0.9117188
2,5,MLE,logical_accuracy,32,18,0.8671875
2,5,MLE,logical_accuracy,32,19,0.903125
2,5,MLE,logical_accuracy,36,0,0.8980469
2,5,MLE,logical_accuracy,36,1,0.8546875
2,5,MLE,logical_accuracy,36,2,0.8609375
2,5,MLE,logical_accuracy,36,3,0.8894531
2,5,MLE,logical_accuracy,36,4,0.89375
2,5,MLE,logical_accuracy,36,5,0.8566406
2,5,MLE,logical_accuracy,36,6,0.8898438
2,5,MLE,logical_accuracy,36,7,0.8535156
2,5,MLE,logical_accuracy,36,8,0.9027344
2,5,MLE,logical_accuracy,36,9,0.8800781
2,5,MLE,logical_accuracy,36,10,0.8867188
2,5,MLE,logical_accuracy,36,11,0.8894531
2,5,MLE,logical_accuracy,36,12,0.8636719
2,5,MLE,logical_accuracy,36,13,0.8621094
2,5,MLE,logical_accuracy,36,14,0.8476562
2,5,MLE,logical_accuracy,36,15,0.8609375
2,5,MLE,logical_accuracy,36,16,0.8972656
2,5,MLE,logical_accuracy,36,17,0.8945312
2,5,MLE,logical_accuracy,36,18,0.8773437
2,5,MLE,logical_accuracy,36,19,0.8628906
2,5,MLE,wall_time_seconds,4,0,0.1218606
2,5,MLE,wall_time_seconds,4,1,0.1205854
2,5,MLE,wall_time_seconds,4,2,0.1262956
2,5,MLE,wall_time_seconds,4,3,0.1246742
2,5,MLE,wall_time_seconds,4,4,0.1197438
2,5,MLE,wall_time_seconds,4,5,0.1224038
2,5,MLE,wall_time_seconds,4,6,0.12193
2,5,MLE,wall_time_seconds,4,7,0.1241275
2,5,MLE,wall_time_seconds,4,8,0.1179279
2,5,MLE,wall_time_seconds,4,9,0.1254239
2,5,MLE,wall_time_seconds,4,10,0.1245609
2,5,MLE,wall_time_seconds,4,11,0.1210919
2,5,MLE,wall_time_seconds,4,12,0.126417
2,5,MLE,wall_time_seconds,4,13,0.1259966
2,5,MLE,wall_time_seconds,4,14,0.123113
2,5,MLE,wall_time_seconds,4,15,0.1213045
2,5,MLE,wall_time_seconds,4,16,0.1232882
2,5,MLE,wall_time_seconds,4,17,0.1245481
2,5,MLE,wall_time_seconds,4,18,0.1182636
2,5,MLE,wall_time_seconds,4,19,0.124185
2,5,MLE,wall_time_seconds,8,0,0.2670925
2,5,MLE,wall_time_seconds,8,1,0.2636309
2,5,MLE,wall_time_seconds,8,2,0.2745276
2,5,MLE,wall_time_seconds,8,3,0.2629931
2,5,MLE,wall_time_seconds,8,4,0.2646759
2,5,MLE,wall_time_seconds,8,5,0.2647156
2,5,MLE,wall_time_seconds,8,6,0.2655127
2,5,MLE,wall_time_seconds,8,7,0.2613911
2,5,MLE,wall_time_seconds,8,8,0.2522832
2,5,MLE,wall_time_seconds,8,9,0.2547369
2,5,MLE,wall_time_seconds,8,10,0.2499853
2,5,MLE,wall_time_seconds,8,11,0.2454308
2,5,MLE,wall_time_seconds,8,12,0.2544337
2,5,MLE,wall_time_seconds,8,13,0.2544907
2,5,MLE,wall_time_seconds,8,14,0.2513542
2,5,MLE,wall_time_seconds,8,15,0.2499796
2,5,MLE,wall_time_seconds,8,16,0.2376874
2,5,MLE,wall_time_seconds,8,17,0.248182
2,5,MLE,wall_time_seconds,8,18,0.251253
2,5,MLE,wall_time_seconds,8,19,0.2495067
2,5,MLE,wall_time_seconds,12,0,0.4115414
2,5,MLE,wall_time_seconds,12,1,0.392361
2,5,MLE,wall_time_seconds,12,2,0.3872805
2,5,MLE,wall_time_seconds,12,3,0.3999022
2,5,MLE,wall_time_seconds,12,4,0.4141401
2,5,MLE,wall_time_seconds,12,5,0.4001145
2,5,MLE,wall_time_seconds,12,6,0.4020455
2,5,MLE,wall_time_seconds,12,7,0.4236304
2,5,MLE,wall_time_seconds,12,8,0.4352815
2,5,MLE,wall_time_seconds,12,9,0.4220474
2,5,MLE,wall_time_seconds,12,10,0.4245323
2,5,MLE,wall_time_seconds,12,11,0.4222884
2,5,MLE,wall_time_seconds,12,12,0.4196192
2,5,MLE,wall_time_seconds,12,13,0.4124273
2,5,MLE,wall_time_seconds,12,14,0.4223896
2,5,MLE,wall_time_seconds,12,15,0.4068391
2,5,MLE,wall_time_seconds,12,16,0.4159449
2,5,MLE,wall_time_seconds,12,17,0.401849
2,5,MLE,wall_time_seconds,12,18,0.4022976
2,5,MLE,wall_time_seconds,12,19,0.3915105
2,5,MLE,wall_time_seconds,16,0,0.5626652
2,5,MLE,wall_time_seconds,16,1,0.5635364
2,5,MLE,wall_time_seconds,16,2,0.5580411
2,5,MLE,wall_time_seconds,16,3,0.5826415
2,5,MLE,wall_time_seconds,16,4,0.5697719
2,5,MLE,wall_time_seconds,16,5,0.5807356
2,5,MLE,wall_time_seconds,16,6,0.5803308
2,5,MLE,wall_time_seconds,16,7,0.5562649
2,5,MLE,wall_time_seconds,16,8,0.5616497
2,5,MLE,wall_time_seconds,16,9,0.5662633
2,5,MLE,wall_time_seconds,16,10,0.5823788
2,5,MLE,wall_time_seconds,16,11,0.5870925
2,5,MLE,wall_time_seconds,16,12,0.5682537
2,5,MLE,wall_time_seconds,16,13,0.5693232
2,5,MLE,wall_time_seconds,16,14,0.5903305
2,5,MLE,wall_time_seconds,16,15,0.5636741
2,5,MLE,wall_time_seconds,16,16,0.5559821
2,5,MLE,wall_time_seconds,16,17,0.5603798
2,5,MLE,wall_time_seconds,16,18,0.5767917
2,5,MLE,wall_time_seconds,16,19,0.5873877
2,5,MLE,wall_time_seconds,20,0,0.7497254
2,5,MLE,wall_time_seconds,20,1,0.769102
2,5,MLE,wall_time_seconds,20,2,0.7492603
2,5,MLE,wall_time_seconds,20,3,0.7493514
2,5,MLE,wall_time_seconds,20,4,0.7311563
2,5,MLE,wall_time_seconds,20,5,0.753461
2,5,MLE,wall_time_seconds,20,6,0.7567435
2,5,MLE,wall_time_seconds,20,7,0.7661182
2,5,MLE,wall_time_seconds,20,8,0.717053
2,5,MLE,wall_time_seconds,20,9,0.7438379
2,5,MLE,wall_time_seconds,20,10,0.7809791
2,5,MLE,wall_time_seconds,20,11,0.7276673
2,5,MLE,wall_time_seconds,20,12,0.7308977
2,5,MLE,wall_time_seconds,20,13,0.7435921
2,5,MLE,wall_time_seconds,20,14,0.7458132
2,5,MLE,wall_time_seconds,20,15,0.7519821
2,5,MLE,wall_time_seconds,20,16,0.7646321
2,5,MLE,wall_time_seconds,20,17,0.7529894
2,5,MLE,wall_time_seconds,20,18,0.7588637
2,5,MLE,wall_time_seconds,20,19,0.7514454
2,5,MLE,wall_time_seconds,24,0,0.9622141
2,5,MLE,wall_time_seconds,24,1,0.9455287
2,5,MLE,wall_time_seconds,24,2,0.898672
2,5,MLE,wall_time_seconds,24,3,0.9400522
2,5,MLE,wall_time_seconds,24,4,0.9601084
2,5,MLE,wall_time_seconds,24,5,0.9765132
2,5,MLE,wall_time_seconds,24,6,0.9613614
2,5,MLE,wall_time_seconds,24,7,0.9281074
2,5,MLE,wall_time_seconds,24,8,0.9250278
2,5,MLE,wall_time_seconds,24,9,0.9410441
2,5,MLE,wall_time_seconds,24,10,0.9752619
2,5,MLE,wall_time_seconds,24,11,0.9290808
2,5,MLE,wall_time_seconds,24,12,0.9698907
2,5,MLE,wall_time_seconds,24,13,0.9381223
2,5,MLE,wall_time_seconds,24,14,0.9265385
2,5,MLE,wall_time_seconds,24,15,0.9581031
2,5,MLE,wall_time_seconds,24,16,0.9417362
2,5,MLE,wall_time_seconds,24,17,0.9531778
2,5,MLE,wall_time_seconds,24,18,0.9172766
2,5,MLE,wall_time_seconds,24,19,0.9157225
2,5,MLE,wall_time_seconds,28,0,1.175728
2,5,MLE,wall_time_seconds,28,1,1.148798
2,5,MLE,wall_time_seconds,28,2,1.173588
2,5,MLE,wall_time_seconds,28,3,1.160771
2,5,MLE,wall_time_seconds,28,4,1.18116
2,5,MLE,wall_time_seconds,28,5,1.123584
2,5,MLE,wall_time_seconds,28,6,1.137628
2,5,MLE,wall_time_seconds,28,7,1.18773
2,5,MLE,wall_time_seconds,28,8,1.182721
2,5,MLE,wall_time_seconds,28,9,1.179639
2,5,MLE,wall_time_seconds,28,10,1.123361
2,5,MLE,wall_time_seconds,28,11,1.13767
2,5,MLE,wall_time_seconds,28,12,1.172201
2,5,MLE,wall_time_seconds,28,13,1.196764
2,5,MLE,wall_time_seconds,28,14,1.170133
2,5,MLE,wall_time_seconds,28,15,1.181355
2,5,MLE,wall_time_seconds,28,16,1.131346
2,5,MLE,wall_time_seconds,28,17,1.146603
2,5,MLE,wall_time_seconds,28,18,1.194644
2,5,MLE,wall_time_seconds,28,19,1.155397
2,5,MLE,wall_time_seconds,32,0,1.423585
2,5,MLE,wall_time_seconds,32,1,1.392894
2,5,MLE,wall_time_seconds,32,2,1.372793
2,5,MLE,wall_time_seconds,32,3,1.408903
2,5,MLE,wall_time_seconds,32,4,1.382048
2,5,MLE,wall_time_seconds,32,5,1.407973
2,5,MLE,wall_time_seconds,32,6,1.443755
2,5,MLE,wall_time_seconds,32,7,1.378804
2,5,MLE,wall_time_seconds,32,8,1.366185
2,5,MLE,wall_time_seconds,32,9,1.414061
2,5,MLE,wall_time_seconds,32,10,1.403503
2,5,MLE,wall_time_seconds,32,11,1.400272
2,5,MLE,wall_time_seconds,32,12,1.298885
2,5,MLE,wall_time_seconds,32,13,1.394533
2,5,MLE,wall_time_seconds,32,14,1.390861
2,5,MLE,wall_time_seconds,32,15,1.47171
2,5,MLE,wall_time_seconds,32,16,1.400611
2,5,MLE,wall_time_seconds,32,17,1.397601
2,5,MLE,wall_time_seconds,32,18,1.382539
2,5,MLE,wall_time_seconds,32,19,1.425387
2,5,MLE,wall_time_seconds,36,0,1.684341
2,5,MLE,wall_time_seconds,36,1,1.630779
2,5,MLE,wall_time_seconds,36,2,1.659391
2,5,MLE,wall_time_seconds,36,3,1.519452
2,5,MLE,wall_time_seconds,36,4,1.660306
2,5,MLE,wall_time_seconds,36,5,1.657046
2,5,MLE,wall_time_seconds,36,6,1.647023
2,5,MLE,wall_time_seconds,36,7,1.709224
2,5,MLE,wall_time_seconds,36,8,1.685206
2,5,MLE,wall_time_seconds,36,9,1.657769
2,5,MLE,wall_time_seconds,36,10,1.609288
2,5,MLE,wall_time_seconds,36,11,1.66844
2,5,MLE,wall_time_seconds,36,12,1.752848
2,5,MLE,wall_time_seconds,36,13,1.868209
2,5,MLE,wall_time_seconds,36,14,1.867495
2,5,MLE,wall_time_seconds,36,15,1.742112
2,5,MLE,wall_time_seconds,36,16,1.813951
2,5,MLE,wall_time_seconds,36,17,1.758576
2,5,MLE,wall_time_seconds,36,18,1.703202
2,5,MLE,wall_time_seconds,36,19,1.747591
